** Drc report for wsl-phase8b.kicad_pcb **
** Created on 2026-06-02T18:31:43 **
** Report includes: Errors, Warnings, Exclusions **

** Found 0 DRC violations **

** Found 486 unconnected pads **
[unconnected_items]: Missing connection between items
    Local override; error
    @(88.0000 mm, 217.0000 mm): Pad 1 [WDOG_OK_PULLDOWN] of TP12 on F.Cu
    @(159.0625 mm, 92.9500 mm): Pad 2 [WDOG_OK_PULLDOWN] of Q12 on F.Cu
[unconnected_items]: Missing connection between items
    Local override; error
    @(159.0625 mm, 92.9500 mm): Pad 2 [WDOG_OK_PULLDOWN] of Q12 on F.Cu
    @(174.9375 mm, 58.0000 mm): Pad 3 [WDOG_OK_PULLDOWN] of Q9 on F.Cu
[unconnected_items]: Missing connection between items
    Local override; error
    @(21.9125 mm, 51.0000 mm): Pad 2 [FIELD_LED_SC] of R7 on F.Cu
    @(34.0000 mm, 54.0000 mm): PTH pad 1 [FIELD_LED_SC] of U6
[unconnected_items]: Missing connection between items
    Local override; error
    @(9.0000 mm, 35.0000 mm): PTH pad 3 [FIELD_FAST_SC] of J3
    @(34.0000 mm, 56.5400 mm): PTH pad 2 [FIELD_FAST_SC] of U6
[unconnected_items]: Missing connection between items
    Local override; error
    @(28.1600 mm, 10.0000 mm): PTH pad 3 [GND] of J2
    @(23.0800 mm, 10.0000 mm): PTH pad 2 [GND] of J2
[unconnected_items]: Missing connection between items
    Local override; error
    @(41.6200 mm, 32.5400 mm): PTH pad 3 [GND] of U4
    @(41.6200 mm, 44.5400 mm): PTH pad 3 [GND] of U5
[unconnected_items]: Missing connection between items
    Local override; error
    @(41.6200 mm, 32.5400 mm): PTH pad 3 [GND] of U4
    @(28.1600 mm, 10.0000 mm): PTH pad 3 [GND] of J2
[unconnected_items]: Missing connection between items
    Local override; error
    @(41.6200 mm, 44.5400 mm): PTH pad 3 [GND] of U5
    @(41.6200 mm, 56.5400 mm): PTH pad 3 [GND] of U6
[unconnected_items]: Missing connection between items
    Local override; error
    @(41.6200 mm, 56.5400 mm): PTH pad 3 [GND] of U6
    @(41.6200 mm, 68.5400 mm): PTH pad 3 [GND] of U7
[unconnected_items]: Missing connection between items
    Local override; error
    @(41.6200 mm, 68.5400 mm): PTH pad 3 [GND] of U7
    @(41.6200 mm, 80.5400 mm): PTH pad 3 [GND] of U8
[unconnected_items]: Missing connection between items
    Local override; error
    @(41.6200 mm, 80.5400 mm): PTH pad 3 [GND] of U8
    @(41.6200 mm, 92.5400 mm): PTH pad 3 [GND] of U9
[unconnected_items]: Missing connection between items
    Local override; error
    @(41.6200 mm, 92.5400 mm): PTH pad 3 [GND] of U9
    @(41.6200 mm, 104.5400 mm): PTH pad 3 [GND] of U10
[unconnected_items]: Missing connection between items
    Local override; error
    @(41.6200 mm, 92.5400 mm): PTH pad 3 [GND] of U9
    @(70.6200 mm, 92.5400 mm): PTH pad 3 [GND] of U17
[unconnected_items]: Missing connection between items
    Local override; error
    @(41.6200 mm, 116.5400 mm): PTH pad 3 [GND] of U11
    @(41.6200 mm, 104.5400 mm): PTH pad 3 [GND] of U10
[unconnected_items]: Missing connection between items
    Local override; error
    @(70.6200 mm, 32.5400 mm): PTH pad 3 [GND] of U12
    @(70.6200 mm, 44.5400 mm): PTH pad 3 [GND] of U13
[unconnected_items]: Missing connection between items
    Local override; error
    @(70.6200 mm, 56.5400 mm): PTH pad 3 [GND] of U14
    @(70.6200 mm, 44.5400 mm): PTH pad 3 [GND] of U13
[unconnected_items]: Missing connection between items
    Local override; error
    @(70.6200 mm, 56.5400 mm): PTH pad 3 [GND] of U14
    @(99.6200 mm, 56.5400 mm): PTH pad 3 [GND] of U27
[unconnected_items]: Missing connection between items
    Local override; error
    @(70.6200 mm, 68.5400 mm): PTH pad 3 [GND] of U15
    @(70.6200 mm, 56.5400 mm): PTH pad 3 [GND] of U14
[unconnected_items]: Missing connection between items
    Local override; error
    @(70.6200 mm, 80.5400 mm): PTH pad 3 [GND] of U16
    @(70.6200 mm, 68.5400 mm): PTH pad 3 [GND] of U15
[unconnected_items]: Missing connection between items
    Local override; error
    @(70.6200 mm, 92.5400 mm): PTH pad 3 [GND] of U17
    @(70.6200 mm, 80.5400 mm): PTH pad 3 [GND] of U16
[unconnected_items]: Missing connection between items
    Local override; error
    @(70.6200 mm, 104.5400 mm): PTH pad 3 [GND] of U18
    @(70.6200 mm, 92.5400 mm): PTH pad 3 [GND] of U17
[unconnected_items]: Missing connection between items
    Local override; error
    @(70.6200 mm, 104.5400 mm): PTH pad 3 [GND] of U18
    @(70.6200 mm, 116.5400 mm): PTH pad 3 [GND] of U19
[unconnected_items]: Missing connection between items
    Local override; error
    @(70.6200 mm, 116.5400 mm): PTH pad 3 [GND] of U19
    @(70.6200 mm, 128.5400 mm): PTH pad 3 [GND] of U20
[unconnected_items]: Missing connection between items
    Local override; error
    @(70.6200 mm, 140.5400 mm): PTH pad 3 [GND] of U21
    @(70.6200 mm, 128.5400 mm): PTH pad 3 [GND] of U20
[unconnected_items]: Missing connection between items
    Local override; error
    @(70.6200 mm, 140.5400 mm): PTH pad 3 [GND] of U21
    @(70.6200 mm, 152.5400 mm): PTH pad 3 [GND] of U22
[unconnected_items]: Missing connection between items
    Local override; error
    @(70.6200 mm, 164.5400 mm): PTH pad 3 [GND] of U23
    @(70.6200 mm, 152.5400 mm): PTH pad 3 [GND] of U22
[unconnected_items]: Missing connection between items
    Local override; error
    @(70.6200 mm, 176.5400 mm): PTH pad 3 [GND] of U24
    @(70.6200 mm, 164.5400 mm): PTH pad 3 [GND] of U23
[unconnected_items]: Missing connection between items
    Local override; error
    @(70.6200 mm, 176.5400 mm): PTH pad 3 [GND] of U24
    @(68.0000 mm, 210.0000 mm): Pad 1 [GND] of TP2 on F.Cu
[unconnected_items]: Missing connection between items
    Local override; error
    @(75.5400 mm, 13.0000 mm): PTH pad 2 [GND] of U41
    @(70.6200 mm, 32.5400 mm): PTH pad 3 [GND] of U12
[unconnected_items]: Missing connection between items
    Local override; error
    @(99.6200 mm, 44.5400 mm): PTH pad 3 [GND] of U26
    @(99.6200 mm, 32.5400 mm): PTH pad 3 [GND] of U25
[unconnected_items]: Missing connection between items
    Local override; error
    @(99.6200 mm, 56.5400 mm): PTH pad 3 [GND] of U27
    @(99.6200 mm, 44.5400 mm): PTH pad 3 [GND] of U26
[unconnected_items]: Missing connection between items
    Local override; error
    @(99.6200 mm, 68.5400 mm): PTH pad 3 [GND] of U28
    @(99.6200 mm, 80.5400 mm): PTH pad 3 [GND] of U29
[unconnected_items]: Missing connection between items
    Local override; error
    @(99.6200 mm, 68.5400 mm): PTH pad 3 [GND] of U28
    @(99.6200 mm, 56.5400 mm): PTH pad 3 [GND] of U27
[unconnected_items]: Missing connection between items
    Local override; error
    @(99.6200 mm, 80.5400 mm): PTH pad 3 [GND] of U29
    @(99.6200 mm, 92.5400 mm): PTH pad 3 [GND] of U30
[unconnected_items]: Missing connection between items
    Local override; error
    @(99.6200 mm, 92.5400 mm): PTH pad 3 [GND] of U30
    @(99.6200 mm, 104.5400 mm): PTH pad 3 [GND] of U31
[unconnected_items]: Missing connection between items
    Local override; error
    @(99.6200 mm, 92.5400 mm): PTH pad 3 [GND] of U30
    @(116.9500 mm, 92.0000 mm): Pad 2 [GND] of C1 on F.Cu
[unconnected_items]: Missing connection between items
    Local override; error
    @(99.6200 mm, 104.5400 mm): PTH pad 3 [GND] of U31
    @(99.6200 mm, 116.5400 mm): PTH pad 3 [GND] of U32
[unconnected_items]: Missing connection between items
    Local override; error
    @(99.6200 mm, 116.5400 mm): PTH pad 3 [GND] of U32
    @(99.6200 mm, 128.5400 mm): PTH pad 3 [GND] of U33
[unconnected_items]: Missing connection between items
    Local override; error
    @(99.6200 mm, 128.5400 mm): PTH pad 3 [GND] of U33
    @(113.9500 mm, 130.0000 mm): Pad 2 [GND] of C2 on F.Cu
[unconnected_items]: Missing connection between items
    Local override; error
    @(99.6200 mm, 140.5400 mm): PTH pad 3 [GND] of U34
    @(99.6200 mm, 128.5400 mm): PTH pad 3 [GND] of U33
[unconnected_items]: Missing connection between items
    Local override; error
    @(99.6200 mm, 152.5400 mm): PTH pad 3 [GND] of U35
    @(99.6200 mm, 140.5400 mm): PTH pad 3 [GND] of U34
[unconnected_items]: Missing connection between items
    Local override; error
    @(113.9500 mm, 130.0000 mm): Pad 2 [GND] of C2 on F.Cu
    @(119.3500 mm, 149.1750 mm): Pad 10 [GND] of U2 on F.Cu
[unconnected_items]: Missing connection between items
    Local override; error
    @(116.3100 mm, 28.9500 mm): Pad 3 [GND] of A1 on F.Cu
    @(115.0000 mm, 7.4600 mm): PTH pad 2 [GND] of J1
[unconnected_items]: Missing connection between items
    Local override; error
    @(116.3100 mm, 41.6500 mm): Pad 8 [GND] of A1 on F.Cu
    @(116.3100 mm, 28.9500 mm): Pad 3 [GND] of A1 on F.Cu
[unconnected_items]: Missing connection between items
    Local override; error
    @(116.3100 mm, 54.3500 mm): Pad 13 [GND] of A1 on F.Cu
    @(116.3100 mm, 67.0500 mm): Pad 18 [GND] of A1 on F.Cu
[unconnected_items]: Missing connection between items
    Local override; error
    @(116.3100 mm, 54.3500 mm): Pad 13 [GND] of A1 on F.Cu
    @(116.3100 mm, 41.6500 mm): Pad 8 [GND] of A1 on F.Cu
[unconnected_items]: Missing connection between items
    Local override; error
    @(116.3100 mm, 67.0500 mm): Pad 18 [GND] of A1 on F.Cu
    @(99.6200 mm, 68.5400 mm): PTH pad 3 [GND] of U28
[unconnected_items]: Missing connection between items
    Local override; error
    @(119.3500 mm, 107.1750 mm): Pad 10 [GND] of U1 on F.Cu
    @(116.9500 mm, 92.0000 mm): Pad 2 [GND] of C1 on F.Cu
[unconnected_items]: Missing connection between items
    Local override; error
    @(119.3500 mm, 149.1750 mm): Pad 10 [GND] of U2 on F.Cu
    @(128.6500 mm, 151.7150 mm): Pad 17 [GND] of U2 on F.Cu
[unconnected_items]: Missing connection between items
    Local override; error
    @(127.7000 mm, 7.4600 mm): PTH pad 12 [GND] of J1
    @(115.0000 mm, 7.4600 mm): PTH pad 2 [GND] of J1
[unconnected_items]: Missing connection between items
    Local override; error
    @(128.6500 mm, 109.7150 mm): Pad 17 [GND] of U1 on F.Cu
    @(119.3500 mm, 107.1750 mm): Pad 10 [GND] of U1 on F.Cu
[unconnected_items]: Missing connection between items
    Local override; error
    @(128.6500 mm, 110.9850 mm): Pad 16 [GND] of U1 on F.Cu
    @(128.6500 mm, 112.2550 mm): Pad 15 [GND] of U1 on F.Cu
[unconnected_items]: Missing connection between items
    Local override; error
    @(128.6500 mm, 110.9850 mm): Pad 16 [GND] of U1 on F.Cu
    @(128.6500 mm, 109.7150 mm): Pad 17 [GND] of U1 on F.Cu
[unconnected_items]: Missing connection between items
    Local override; error
    @(128.6500 mm, 112.2550 mm): Pad 15 [GND] of U1 on F.Cu
    @(143.3500 mm, 115.1750 mm): Pad 10 [GND] of U3 on F.Cu
[unconnected_items]: Missing connection between items
    Local override; error
    @(128.6500 mm, 151.7150 mm): Pad 17 [GND] of U2 on F.Cu
    @(128.6500 mm, 152.9850 mm): Pad 16 [GND] of U2 on F.Cu
[unconnected_items]: Missing connection between items
    Local override; error
    @(132.0000 mm, 163.0875 mm): Pad 2 [GND] of R89 on F.Cu
    @(128.6500 mm, 152.9850 mm): Pad 16 [GND] of U2 on F.Cu
[unconnected_items]: Missing connection between items
    Local override; error
    @(132.0000 mm, 178.0875 mm): Pad 2 [GND] of R91 on F.Cu
    @(145.0000 mm, 177.5400 mm): PTH pad 2 [GND] of U37
[unconnected_items]: Missing connection between items
    Local override; error
    @(132.0000 mm, 193.0875 mm): Pad 2 [GND] of R93 on F.Cu
    @(145.0000 mm, 192.5400 mm): PTH pad 2 [GND] of U38
[unconnected_items]: Missing connection between items
    Local override; error
    @(132.0000 mm, 193.0875 mm): Pad 2 [GND] of R93 on F.Cu
    @(132.0000 mm, 178.0875 mm): Pad 2 [GND] of R91 on F.Cu
[unconnected_items]: Missing connection between items
    Local override; error
    @(132.0000 mm, 208.0875 mm): Pad 2 [GND] of R95 on F.Cu
    @(145.0000 mm, 207.5400 mm): PTH pad 2 [GND] of U39
[unconnected_items]: Missing connection between items
    Local override; error
    @(133.0000 mm, 97.0875 mm): Pad 2 [GND] of R104 on F.Cu
    @(128.6500 mm, 109.7150 mm): Pad 17 [GND] of U1 on F.Cu
[unconnected_items]: Missing connection between items
    Local override; error
    @(135.6900 mm, 41.6500 mm): Pad 33 [GND] of A1 on F.Cu
    @(135.6900 mm, 28.9500 mm): Pad 38 [GND] of A1 on F.Cu
[unconnected_items]: Missing connection between items
    Local override; error
    @(135.6900 mm, 41.6500 mm): Pad 33 [GND] of A1 on F.Cu
    @(135.6900 mm, 54.3500 mm): Pad 28 [GND] of A1 on F.Cu
[unconnected_items]: Missing connection between items
    Local override; error
    @(135.6900 mm, 54.3500 mm): Pad 28 [GND] of A1 on F.Cu
    @(141.0625 mm, 58.9500 mm): Pad 2 [GND] of Q8 on F.Cu
[unconnected_items]: Missing connection between items
    Local override; error
    @(135.6900 mm, 67.0500 mm): Pad 23 [GND] of A1 on F.Cu
    @(142.0000 mm, 69.0875 mm): Pad 2 [GND] of R99 on F.Cu
[unconnected_items]: Missing connection between items
    Local override; error
    @(137.9500 mm, 78.0000 mm): Pad 2 [GND] of C14 on F.Cu
    @(142.0000 mm, 69.0875 mm): Pad 2 [GND] of R99 on F.Cu
[unconnected_items]: Missing connection between items
    Local override; error
    @(137.9500 mm, 96.0000 mm): Pad 2 [GND] of C3 on F.Cu
    @(133.0000 mm, 97.0875 mm): Pad 2 [GND] of R104 on F.Cu
[unconnected_items]: Missing connection between items
    Local override; error
    @(137.9500 mm, 96.0000 mm): Pad 2 [GND] of C3 on F.Cu
    @(137.9500 mm, 78.0000 mm): Pad 2 [GND] of C14 on F.Cu
[unconnected_items]: Missing connection between items
    Local override; error
    @(141.0625 mm, 58.9500 mm): Pad 2 [GND] of Q8 on F.Cu
    @(135.6900 mm, 67.0500 mm): Pad 23 [GND] of A1 on F.Cu
[unconnected_items]: Missing connection between items
    Local override; error
    @(141.0625 mm, 58.9500 mm): Pad 2 [GND] of Q8 on F.Cu
    @(153.5250 mm, 48.0950 mm): Pad 1 [GND] of U40 on F.Cu
[unconnected_items]: Missing connection between items
    Local override; error
    @(145.0000 mm, 162.5400 mm): PTH pad 2 [GND] of U36
    @(132.0000 mm, 163.0875 mm): Pad 2 [GND] of R89 on F.Cu
[unconnected_items]: Missing connection between items
    Local override; error
    @(145.0000 mm, 162.5400 mm): PTH pad 2 [GND] of U36
    @(145.0000 mm, 177.5400 mm): PTH pad 2 [GND] of U37
[unconnected_items]: Missing connection between items
    Local override; error
    @(145.0000 mm, 192.5400 mm): PTH pad 2 [GND] of U38
    @(145.0000 mm, 207.5400 mm): PTH pad 2 [GND] of U39
[unconnected_items]: Missing connection between items
    Local override; error
    @(152.6500 mm, 117.7150 mm): Pad 17 [GND] of U3 on F.Cu
    @(152.6500 mm, 120.2550 mm): Pad 15 [GND] of U3 on F.Cu
[unconnected_items]: Missing connection between items
    Local override; error
    @(152.6500 mm, 117.7150 mm): Pad 17 [GND] of U3 on F.Cu
    @(143.3500 mm, 115.1750 mm): Pad 10 [GND] of U3 on F.Cu
[unconnected_items]: Missing connection between items
    Local override; error
    @(152.6500 mm, 120.2550 mm): Pad 15 [GND] of U3 on F.Cu
    @(172.0000 mm, 120.0875 mm): Pad 2 [GND] of R77 on F.Cu
[unconnected_items]: Missing connection between items
    Local override; error
    @(162.0000 mm, 66.0500 mm): Pad 2 [GND] of C12 on F.Cu
    @(172.0000 mm, 72.0875 mm): Pad 2 [GND] of R71 on F.Cu
[unconnected_items]: Missing connection between items
    Local override; error
    @(166.0000 mm, 33.2000 mm): Pad 2 [GND] of C11 on F.Cu
    @(178.0000 mm, 41.0500 mm): Pad 2 [GND] of C13 on F.Cu
[unconnected_items]: Missing connection between items
    Local override; error
    @(170.0000 mm, 97.0875 mm): Pad 2 [GND] of R106 on F.Cu
    @(172.0000 mm, 96.0875 mm): Pad 2 [GND] of R74 on F.Cu
[unconnected_items]: Missing connection between items
    Local override; error
    @(172.0000 mm, 48.0875 mm): Pad 2 [GND] of R68 on F.Cu
    @(153.5250 mm, 48.0950 mm): Pad 1 [GND] of U40 on F.Cu
[unconnected_items]: Missing connection between items
    Local override; error
    @(172.0000 mm, 72.0875 mm): Pad 2 [GND] of R71 on F.Cu
    @(174.0000 mm, 69.0875 mm): Pad 2 [GND] of R101 on F.Cu
[unconnected_items]: Missing connection between items
    Local override; error
    @(172.0000 mm, 120.0875 mm): Pad 2 [GND] of R77 on F.Cu
    @(170.0000 mm, 97.0875 mm): Pad 2 [GND] of R106 on F.Cu
[unconnected_items]: Missing connection between items
    Local override; error
    @(172.0000 mm, 144.0875 mm): Pad 2 [GND] of R80 on F.Cu
    @(181.0625 mm, 165.9500 mm): Pad 2 [GND] of Q6 on F.Cu
[unconnected_items]: Missing connection between items
    Local override; error
    @(172.0000 mm, 168.0875 mm): Pad 2 [GND] of R83 on F.Cu
    @(181.0625 mm, 165.9500 mm): Pad 2 [GND] of Q6 on F.Cu
[unconnected_items]: Missing connection between items
    Local override; error
    @(173.0625 mm, 58.9500 mm): Pad 2 [GND] of Q9 on F.Cu
    @(174.0000 mm, 69.0875 mm): Pad 2 [GND] of R101 on F.Cu
[unconnected_items]: Missing connection between items
    Local override; error
    @(173.0625 mm, 58.9500 mm): Pad 2 [GND] of Q9 on F.Cu
    @(172.0000 mm, 48.0875 mm): Pad 2 [GND] of R68 on F.Cu
[unconnected_items]: Missing connection between items
    Local override; error
    @(178.0000 mm, 41.0500 mm): Pad 2 [GND] of C13 on F.Cu
    @(172.0000 mm, 48.0875 mm): Pad 2 [GND] of R68 on F.Cu
[unconnected_items]: Missing connection between items
    Local override; error
    @(181.0625 mm, 45.9500 mm): Pad 2 [GND] of Q1 on F.Cu
    @(178.0000 mm, 41.0500 mm): Pad 2 [GND] of C13 on F.Cu
[unconnected_items]: Missing connection between items
    Local override; error
    @(181.0625 mm, 69.9500 mm): Pad 2 [GND] of Q2 on F.Cu
    @(174.0000 mm, 69.0875 mm): Pad 2 [GND] of R101 on F.Cu
[unconnected_items]: Missing connection between items
    Local override; error
    @(181.0625 mm, 93.9500 mm): Pad 2 [GND] of Q3 on F.Cu
    @(172.0000 mm, 96.0875 mm): Pad 2 [GND] of R74 on F.Cu
[unconnected_items]: Missing connection between items
    Local override; error
    @(181.0625 mm, 117.9500 mm): Pad 2 [GND] of Q4 on F.Cu
    @(172.0000 mm, 120.0875 mm): Pad 2 [GND] of R77 on F.Cu
[unconnected_items]: Missing connection between items
    Local override; error
    @(181.0625 mm, 141.9500 mm): Pad 2 [GND] of Q5 on F.Cu
    @(172.0000 mm, 144.0875 mm): Pad 2 [GND] of R80 on F.Cu
[unconnected_items]: Missing connection between items
    Local override; error
    @(181.0625 mm, 141.9500 mm): Pad 2 [GND] of Q5 on F.Cu
    @(172.0000 mm, 120.0875 mm): Pad 2 [GND] of R77 on F.Cu
[unconnected_items]: Missing connection between items
    Local override; error
    @(181.0625 mm, 189.9500 mm): Pad 2 [GND] of Q7 on F.Cu
    @(172.0000 mm, 192.0875 mm): Pad 2 [GND] of R86 on F.Cu
[unconnected_items]: Missing connection between items
    Local override; error
    @(181.0625 mm, 189.9500 mm): Pad 2 [GND] of Q7 on F.Cu
    @(172.0000 mm, 168.0875 mm): Pad 2 [GND] of R83 on F.Cu
[unconnected_items]: Missing connection between items
    Local override; error
    @(41.6200 mm, 54.0000 mm): PTH pad 4 [FAST_SC] of U6
    @(47.9125 mm, 57.0000 mm): Pad 2 [FAST_SC] of R8 on F.Cu
[unconnected_items]: Missing connection between items
    Local override; error
    @(47.9125 mm, 57.0000 mm): Pad 2 [FAST_SC] of R8 on F.Cu
    @(116.3100 mm, 49.2700 mm): Pad 11 [FAST_SC] of A1 on F.Cu
[unconnected_items]: Missing connection between items
    Local override; error
    @(128.0000 mm, 217.0000 mm): Pad 1 [RELAY_ENABLE_RAIL] of TP16 on F.Cu
    @(186.9500 mm, 200.0000 mm): Pad 1 [RELAY_ENABLE_RAIL] of D13 on F.Cu
[unconnected_items]: Missing connection between items
    Local override; error
    @(186.9500 mm, 80.0000 mm): Pad 1 [RELAY_ENABLE_RAIL] of D3 on F.Cu
    @(202.0000 mm, 74.0000 mm): PTH pad 1 [RELAY_ENABLE_RAIL] of K2
[unconnected_items]: Missing connection between items
    Local override; error
    @(186.9500 mm, 80.0000 mm): Pad 1 [RELAY_ENABLE_RAIL] of D3 on F.Cu
    @(158.9375 mm, 82.0000 mm): Pad 3 [RELAY_ENABLE_RAIL] of Q10 on F.Cu
[unconnected_items]: Missing connection between items
    Local override; error
    @(186.9500 mm, 104.0000 mm): Pad 1 [RELAY_ENABLE_RAIL] of D5 on F.Cu
    @(202.0000 mm, 98.0000 mm): PTH pad 1 [RELAY_ENABLE_RAIL] of K3
[unconnected_items]: Missing connection between items
    Local override; error
    @(186.9500 mm, 128.0000 mm): Pad 1 [RELAY_ENABLE_RAIL] of D7 on F.Cu
    @(202.0000 mm, 122.0000 mm): PTH pad 1 [RELAY_ENABLE_RAIL] of K4
[unconnected_items]: Missing connection between items
    Local override; error
    @(186.9500 mm, 128.0000 mm): Pad 1 [RELAY_ENABLE_RAIL] of D7 on F.Cu
    @(202.0000 mm, 146.0000 mm): PTH pad 1 [RELAY_ENABLE_RAIL] of K5
[unconnected_items]: Missing connection between items
    Local override; error
    @(186.9500 mm, 176.0000 mm): Pad 1 [RELAY_ENABLE_RAIL] of D11 on F.Cu
    @(202.0000 mm, 194.0000 mm): PTH pad 1 [RELAY_ENABLE_RAIL] of K7
[unconnected_items]: Missing connection between items
    Local override; error
    @(186.9500 mm, 200.0000 mm): Pad 1 [RELAY_ENABLE_RAIL] of D13 on F.Cu
    @(202.0000 mm, 194.0000 mm): PTH pad 1 [RELAY_ENABLE_RAIL] of K7
[unconnected_items]: Missing connection between items
    Local override; error
    @(202.0000 mm, 50.0000 mm): PTH pad 1 [RELAY_ENABLE_RAIL] of K1
    @(186.9500 mm, 56.0000 mm): Pad 1 [RELAY_ENABLE_RAIL] of D1 on F.Cu
[unconnected_items]: Missing connection between items
    Local override; error
    @(202.0000 mm, 74.0000 mm): PTH pad 1 [RELAY_ENABLE_RAIL] of K2
    @(186.9500 mm, 56.0000 mm): Pad 1 [RELAY_ENABLE_RAIL] of D1 on F.Cu
[unconnected_items]: Missing connection between items
    Local override; error
    @(202.0000 mm, 98.0000 mm): PTH pad 1 [RELAY_ENABLE_RAIL] of K3
    @(186.9500 mm, 80.0000 mm): Pad 1 [RELAY_ENABLE_RAIL] of D3 on F.Cu
[unconnected_items]: Missing connection between items
    Local override; error
    @(202.0000 mm, 122.0000 mm): PTH pad 1 [RELAY_ENABLE_RAIL] of K4
    @(186.9500 mm, 104.0000 mm): Pad 1 [RELAY_ENABLE_RAIL] of D5 on F.Cu
[unconnected_items]: Missing connection between items
    Local override; error
    @(202.0000 mm, 146.0000 mm): PTH pad 1 [RELAY_ENABLE_RAIL] of K5
    @(186.9500 mm, 152.0000 mm): Pad 1 [RELAY_ENABLE_RAIL] of D9 on F.Cu
[unconnected_items]: Missing connection between items
    Local override; error
    @(202.0000 mm, 170.0000 mm): PTH pad 1 [RELAY_ENABLE_RAIL] of K6
    @(186.9500 mm, 176.0000 mm): Pad 1 [RELAY_ENABLE_RAIL] of D11 on F.Cu
[unconnected_items]: Missing connection between items
    Local override; error
    @(202.0000 mm, 170.0000 mm): PTH pad 1 [RELAY_ENABLE_RAIL] of K6
    @(186.9500 mm, 152.0000 mm): Pad 1 [RELAY_ENABLE_RAIL] of D9 on F.Cu
[unconnected_items]: Missing connection between items
    Local override; error
    @(141.0625 mm, 57.0500 mm): Pad 1 [WDOG_KICK_GATE] of Q8 on F.Cu
    @(142.0000 mm, 70.9125 mm): Pad 1 [WDOG_KICK_GATE] of R99 on F.Cu
[unconnected_items]: Missing connection between items
    Local override; error
    @(142.0000 mm, 46.0875 mm): Pad 2 [WDOG_KICK_GATE] of R98 on F.Cu
    @(141.0625 mm, 57.0500 mm): Pad 1 [WDOG_KICK_GATE] of Q8 on F.Cu
[unconnected_items]: Missing connection between items
    Local override; error
    @(150.9500 mm, 35.0000 mm): Pad 1 [WDOG_KICK_DRAIN] of D15 on F.Cu
    @(142.9375 mm, 58.0000 mm): Pad 3 [WDOG_KICK_DRAIN] of Q8 on F.Cu
[unconnected_items]: Missing connection between items
    Local override; error
    @(157.9500 mm, 35.0000 mm): Pad 1 [WDOG_KICK_DRAIN] of D16 on F.Cu
    @(150.9500 mm, 35.0000 mm): Pad 1 [WDOG_KICK_DRAIN] of D15 on F.Cu
[unconnected_items]: Missing connection between items
    Local override; error
    @(46.0875 mm, 33.0000 mm): Pad 1 [VCC_3V3] of R4 on F.Cu
    @(46.0875 mm, 45.0000 mm): Pad 1 [VCC_3V3] of R6 on F.Cu
[unconnected_items]: Missing connection between items
    Local override; error
    @(46.0875 mm, 45.0000 mm): Pad 1 [VCC_3V3] of R6 on F.Cu
    @(46.0875 mm, 57.0000 mm): Pad 1 [VCC_3V3] of R8 on F.Cu
[unconnected_items]: Missing connection between items
    Local override; error
    @(46.0875 mm, 57.0000 mm): Pad 1 [VCC_3V3] of R8 on F.Cu
    @(46.0875 mm, 69.0000 mm): Pad 1 [VCC_3V3] of R10 on F.Cu
[unconnected_items]: Missing connection between items
    Local override; error
    @(46.0875 mm, 69.0000 mm): Pad 1 [VCC_3V3] of R10 on F.Cu
    @(46.0875 mm, 81.0000 mm): Pad 1 [VCC_3V3] of R12 on F.Cu
[unconnected_items]: Missing connection between items
    Local override; error
    @(46.0875 mm, 81.0000 mm): Pad 1 [VCC_3V3] of R12 on F.Cu
    @(46.0875 mm, 93.0000 mm): Pad 1 [VCC_3V3] of R14 on F.Cu
[unconnected_items]: Missing connection between items
    Local override; error
    @(46.0875 mm, 81.0000 mm): Pad 1 [VCC_3V3] of R12 on F.Cu
    @(75.0875 mm, 81.0000 mm): Pad 1 [VCC_3V3] of R28 on F.Cu
[unconnected_items]: Missing connection between items
    Local override; error
    @(46.0875 mm, 93.0000 mm): Pad 1 [VCC_3V3] of R14 on F.Cu
    @(46.0875 mm, 105.0000 mm): Pad 1 [VCC_3V3] of R16 on F.Cu
[unconnected_items]: Missing connection between items
    Local override; error
    @(46.0875 mm, 105.0000 mm): Pad 1 [VCC_3V3] of R16 on F.Cu
    @(46.0875 mm, 117.0000 mm): Pad 1 [VCC_3V3] of R18 on F.Cu
[unconnected_items]: Missing connection between items
    Local override; error
    @(75.0875 mm, 33.0000 mm): Pad 1 [VCC_3V3] of R20 on F.Cu
    @(75.0875 mm, 45.0000 mm): Pad 1 [VCC_3V3] of R22 on F.Cu
[unconnected_items]: Missing connection between items
    Local override; error
    @(75.0875 mm, 45.0000 mm): Pad 1 [VCC_3V3] of R22 on F.Cu
    @(75.0875 mm, 57.0000 mm): Pad 1 [VCC_3V3] of R24 on F.Cu
[unconnected_items]: Missing connection between items
    Local override; error
    @(75.0875 mm, 69.0000 mm): Pad 1 [VCC_3V3] of R26 on F.Cu
    @(75.0875 mm, 57.0000 mm): Pad 1 [VCC_3V3] of R24 on F.Cu
[unconnected_items]: Missing connection between items
    Local override; error
    @(75.0875 mm, 81.0000 mm): Pad 1 [VCC_3V3] of R28 on F.Cu
    @(75.0875 mm, 69.0000 mm): Pad 1 [VCC_3V3] of R26 on F.Cu
[unconnected_items]: Missing connection between items
    Local override; error
    @(75.0875 mm, 93.0000 mm): Pad 1 [VCC_3V3] of R30 on F.Cu
    @(75.0875 mm, 81.0000 mm): Pad 1 [VCC_3V3] of R28 on F.Cu
[unconnected_items]: Missing connection between items
    Local override; error
    @(75.0875 mm, 105.0000 mm): Pad 1 [VCC_3V3] of R32 on F.Cu
    @(75.0875 mm, 93.0000 mm): Pad 1 [VCC_3V3] of R30 on F.Cu
[unconnected_items]: Missing connection between items
    Local override; error
    @(75.0875 mm, 117.0000 mm): Pad 1 [VCC_3V3] of R34 on F.Cu
    @(75.0875 mm, 105.0000 mm): Pad 1 [VCC_3V3] of R32 on F.Cu
[unconnected_items]: Missing connection between items
    Local override; error
    @(75.0875 mm, 129.0000 mm): Pad 1 [VCC_3V3] of R36 on F.Cu
    @(75.0875 mm, 141.0000 mm): Pad 1 [VCC_3V3] of R38 on F.Cu
[unconnected_items]: Missing connection between items
    Local override; error
    @(75.0875 mm, 129.0000 mm): Pad 1 [VCC_3V3] of R36 on F.Cu
    @(75.0875 mm, 117.0000 mm): Pad 1 [VCC_3V3] of R34 on F.Cu
[unconnected_items]: Missing connection between items
    Local override; error
    @(75.0875 mm, 141.0000 mm): Pad 1 [VCC_3V3] of R38 on F.Cu
    @(75.0875 mm, 153.0000 mm): Pad 1 [VCC_3V3] of R40 on F.Cu
[unconnected_items]: Missing connection between items
    Local override; error
    @(75.0875 mm, 165.0000 mm): Pad 1 [VCC_3V3] of R42 on F.Cu
    @(75.0875 mm, 153.0000 mm): Pad 1 [VCC_3V3] of R40 on F.Cu
[unconnected_items]: Missing connection between items
    Local override; error
    @(75.0875 mm, 177.0000 mm): Pad 1 [VCC_3V3] of R44 on F.Cu
    @(75.0875 mm, 165.0000 mm): Pad 1 [VCC_3V3] of R42 on F.Cu
[unconnected_items]: Missing connection between items
    Local override; error
    @(78.0000 mm, 210.0000 mm): Pad 1 [VCC_3V3] of TP3 on F.Cu
    @(75.0875 mm, 177.0000 mm): Pad 1 [VCC_3V3] of R44 on F.Cu
[unconnected_items]: Missing connection between items
    Local override; error
    @(104.0875 mm, 33.0000 mm): Pad 1 [VCC_3V3] of R46 on F.Cu
    @(104.0875 mm, 45.0000 mm): Pad 1 [VCC_3V3] of R48 on F.Cu
[unconnected_items]: Missing connection between items
    Local override; error
    @(104.0875 mm, 45.0000 mm): Pad 1 [VCC_3V3] of R48 on F.Cu
    @(104.0875 mm, 57.0000 mm): Pad 1 [VCC_3V3] of R50 on F.Cu
[unconnected_items]: Missing connection between items
    Local override; error
    @(104.0875 mm, 69.0000 mm): Pad 1 [VCC_3V3] of R52 on F.Cu
    @(104.0875 mm, 81.0000 mm): Pad 1 [VCC_3V3] of R54 on F.Cu
[unconnected_items]: Missing connection between items
    Local override; error
    @(104.0875 mm, 69.0000 mm): Pad 1 [VCC_3V3] of R52 on F.Cu
    @(104.0875 mm, 57.0000 mm): Pad 1 [VCC_3V3] of R50 on F.Cu
[unconnected_items]: Missing connection between items
    Local override; error
    @(104.0875 mm, 81.0000 mm): Pad 1 [VCC_3V3] of R54 on F.Cu
    @(105.0000 mm, 86.9125 mm): Pad 1 [VCC_3V3] of R1 on F.Cu
[unconnected_items]: Missing connection between items
    Local override; error
    @(104.0875 mm, 93.0000 mm): Pad 1 [VCC_3V3] of R56 on F.Cu
    @(105.0000 mm, 86.9125 mm): Pad 1 [VCC_3V3] of R1 on F.Cu
[unconnected_items]: Missing connection between items
    Local override; error
    @(104.0875 mm, 93.0000 mm): Pad 1 [VCC_3V3] of R56 on F.Cu
    @(104.0875 mm, 105.0000 mm): Pad 1 [VCC_3V3] of R58 on F.Cu
[unconnected_items]: Missing connection between items
    Local override; error
    @(104.0875 mm, 93.0000 mm): Pad 1 [VCC_3V3] of R56 on F.Cu
    @(75.0875 mm, 93.0000 mm): Pad 1 [VCC_3V3] of R30 on F.Cu
[unconnected_items]: Missing connection between items
    Local override; error
    @(104.0875 mm, 105.0000 mm): Pad 1 [VCC_3V3] of R58 on F.Cu
    @(104.0875 mm, 117.0000 mm): Pad 1 [VCC_3V3] of R60 on F.Cu
[unconnected_items]: Missing connection between items
    Local override; error
    @(104.0875 mm, 129.0000 mm): Pad 1 [VCC_3V3] of R62 on F.Cu
    @(104.0875 mm, 117.0000 mm): Pad 1 [VCC_3V3] of R60 on F.Cu
[unconnected_items]: Missing connection between items
    Local override; error
    @(104.0875 mm, 141.0000 mm): Pad 1 [VCC_3V3] of R64 on F.Cu
    @(104.0875 mm, 153.0000 mm): Pad 1 [VCC_3V3] of R66 on F.Cu
[unconnected_items]: Missing connection between items
    Local override; error
    @(104.0875 mm, 141.0000 mm): Pad 1 [VCC_3V3] of R64 on F.Cu
    @(104.0875 mm, 129.0000 mm): Pad 1 [VCC_3V3] of R62 on F.Cu
[unconnected_items]: Missing connection between items
    Local override; error
    @(104.0875 mm, 153.0000 mm): Pad 1 [VCC_3V3] of R66 on F.Cu
    @(119.3500 mm, 147.9050 mm): Pad 9 [VCC_3V3] of U2 on F.Cu
[unconnected_items]: Missing connection between items
    Local override; error
    @(112.0000 mm, 86.9125 mm): Pad 1 [VCC_3V3] of R2 on F.Cu
    @(105.0000 mm, 86.9125 mm): Pad 1 [VCC_3V3] of R1 on F.Cu
[unconnected_items]: Missing connection between items
    Local override; error
    @(112.0500 mm, 130.0000 mm): Pad 1 [VCC_3V3] of C2 on F.Cu
    @(104.0875 mm, 129.0000 mm): Pad 1 [VCC_3V3] of R62 on F.Cu
[unconnected_items]: Missing connection between items
    Local override; error
    @(115.0500 mm, 92.0000 mm): Pad 1 [VCC_3V3] of C1 on F.Cu
    @(112.0000 mm, 86.9125 mm): Pad 1 [VCC_3V3] of R2 on F.Cu
[unconnected_items]: Missing connection between items
    Local override; error
    @(119.3500 mm, 105.9050 mm): Pad 9 [VCC_3V3] of U1 on F.Cu
    @(115.0500 mm, 92.0000 mm): Pad 1 [VCC_3V3] of C1 on F.Cu
[unconnected_items]: Missing connection between items
    Local override; error
    @(128.6500 mm, 108.4450 mm): Pad 18 [VCC_3V3] of U1 on F.Cu
    @(119.3500 mm, 105.9050 mm): Pad 9 [VCC_3V3] of U1 on F.Cu
[unconnected_items]: Missing connection between items
    Local override; error
    @(128.6500 mm, 108.4450 mm): Pad 18 [VCC_3V3] of U1 on F.Cu
    @(136.0500 mm, 96.0000 mm): Pad 1 [VCC_3V3] of C3 on F.Cu
[unconnected_items]: Missing connection between items
    Local override; error
    @(128.6500 mm, 150.4450 mm): Pad 18 [VCC_3V3] of U2 on F.Cu
    @(128.6500 mm, 154.2550 mm): Pad 15 [VCC_3V3] of U2 on F.Cu
[unconnected_items]: Missing connection between items
    Local override; error
    @(128.6500 mm, 150.4450 mm): Pad 18 [VCC_3V3] of U2 on F.Cu
    @(119.3500 mm, 147.9050 mm): Pad 9 [VCC_3V3] of U2 on F.Cu
[unconnected_items]: Missing connection between items
    Local override; error
    @(135.6900 mm, 34.0300 mm): Pad 36 [VCC_3V3] of A1 on F.Cu
    @(127.7000 mm, 10.0000 mm): PTH pad 11 [VCC_3V3] of J1
[unconnected_items]: Missing connection between items
    Local override; error
    @(135.6900 mm, 34.0300 mm): Pad 36 [VCC_3V3] of A1 on F.Cu
    @(104.0875 mm, 33.0000 mm): Pad 1 [VCC_3V3] of R46 on F.Cu
[unconnected_items]: Missing connection between items
    Local override; error
    @(136.0500 mm, 78.0000 mm): Pad 1 [VCC_3V3] of C14 on F.Cu
    @(136.0500 mm, 96.0000 mm): Pad 1 [VCC_3V3] of C3 on F.Cu
[unconnected_items]: Missing connection between items
    Local override; error
    @(143.3500 mm, 113.9050 mm): Pad 9 [VCC_3V3] of U3 on F.Cu
    @(128.6500 mm, 108.4450 mm): Pad 18 [VCC_3V3] of U1 on F.Cu
[unconnected_items]: Missing connection between items
    Local override; error
    @(152.6500 mm, 116.4450 mm): Pad 18 [VCC_3V3] of U3 on F.Cu
    @(143.3500 mm, 113.9050 mm): Pad 9 [VCC_3V3] of U3 on F.Cu
[unconnected_items]: Missing connection between items
    Local override; error
    @(152.6500 mm, 118.9850 mm): Pad 16 [VCC_3V3] of U3 on F.Cu
    @(152.6500 mm, 116.4450 mm): Pad 18 [VCC_3V3] of U3 on F.Cu
[unconnected_items]: Missing connection between items
    Local override; error
    @(41.6200 mm, 78.0000 mm): PTH pad 4 [FAST_TA2] of U8
    @(47.9125 mm, 81.0000 mm): Pad 2 [FAST_TA2] of R12 on F.Cu
[unconnected_items]: Missing connection between items
    Local override; error
    @(47.9125 mm, 81.0000 mm): Pad 2 [FAST_TA2] of R12 on F.Cu
    @(116.3100 mm, 56.8900 mm): Pad 14 [FAST_TA2] of A1 on F.Cu
[unconnected_items]: Missing connection between items
    Local override; error
    @(172.0000 mm, 163.9125 mm): Pad 1 [DRV_M2] of R82 on F.Cu
    @(152.6500 mm, 106.2850 mm): Pad 26 [DRV_M2] of U3 on F.Cu
[unconnected_items]: Missing connection between items
    Local override; error
    @(172.0000 mm, 169.9125 mm): Pad 1 [DRV_M2] of R83 on F.Cu
    @(172.0000 mm, 163.9125 mm): Pad 1 [DRV_M2] of R82 on F.Cu
[unconnected_items]: Missing connection between items
    Local override; error
    @(172.0000 mm, 162.0875 mm): Pad 2 [BASE_M2] of R82 on F.Cu
    @(181.0625 mm, 164.0500 mm): Pad 1 [BASE_M2] of Q6 on F.Cu
[unconnected_items]: Missing connection between items
    Local override; error
    @(68.0000 mm, 217.0000 mm): Pad 1 [NE555_TRIG] of TP10 on F.Cu
    @(145.0000 mm, 77.0875 mm): Pad 2 [NE555_TRIG] of R97 on F.Cu
[unconnected_items]: Missing connection between items
    Local override; error
    @(153.5250 mm, 49.3650 mm): Pad 2 [NE555_TRIG] of U40 on F.Cu
    @(145.0000 mm, 77.0875 mm): Pad 2 [NE555_TRIG] of R97 on F.Cu
[unconnected_items]: Missing connection between items
    Local override; error
    @(160.0500 mm, 35.0000 mm): Pad 2 [NE555_TRIG] of D16 on F.Cu
    @(153.5250 mm, 49.3650 mm): Pad 2 [NE555_TRIG] of U40 on F.Cu
[unconnected_items]: Missing connection between items
    Local override; error
    @(20.0875 mm, 27.0000 mm): Pad 1 [FIELD_WET_V] of R3 on F.Cu
    @(20.0875 mm, 39.0000 mm): Pad 1 [FIELD_WET_V] of R5 on F.Cu
[unconnected_items]: Missing connection between items
    Local override; error
    @(20.0875 mm, 39.0000 mm): Pad 1 [FIELD_WET_V] of R5 on F.Cu
    @(20.0875 mm, 51.0000 mm): Pad 1 [FIELD_WET_V] of R7 on F.Cu
[unconnected_items]: Missing connection between items
    Local override; error
    @(20.0875 mm, 51.0000 mm): Pad 1 [FIELD_WET_V] of R7 on F.Cu
    @(20.0875 mm, 63.0000 mm): Pad 1 [FIELD_WET_V] of R9 on F.Cu
[unconnected_items]: Missing connection between items
    Local override; error
    @(20.0875 mm, 63.0000 mm): Pad 1 [FIELD_WET_V] of R9 on F.Cu
    @(20.0875 mm, 75.0000 mm): Pad 1 [FIELD_WET_V] of R11 on F.Cu
[unconnected_items]: Missing connection between items
    Local override; error
    @(20.0875 mm, 75.0000 mm): Pad 1 [FIELD_WET_V] of R11 on F.Cu
    @(20.0875 mm, 87.0000 mm): Pad 1 [FIELD_WET_V] of R13 on F.Cu
[unconnected_items]: Missing connection between items
    Local override; error
    @(20.0875 mm, 87.0000 mm): Pad 1 [FIELD_WET_V] of R13 on F.Cu
    @(20.0875 mm, 99.0000 mm): Pad 1 [FIELD_WET_V] of R15 on F.Cu
[unconnected_items]: Missing connection between items
    Local override; error
    @(20.0875 mm, 99.0000 mm): Pad 1 [FIELD_WET_V] of R15 on F.Cu
    @(20.0875 mm, 111.0000 mm): Pad 1 [FIELD_WET_V] of R17 on F.Cu
[unconnected_items]: Missing connection between items
    Local override; error
    @(50.0875 mm, 27.0000 mm): Pad 1 [FIELD_WET_V] of R19 on F.Cu
    @(50.0875 mm, 39.0000 mm): Pad 1 [FIELD_WET_V] of R21 on F.Cu
[unconnected_items]: Missing connection between items
    Local override; error
    @(50.0875 mm, 51.0000 mm): Pad 1 [FIELD_WET_V] of R23 on F.Cu
    @(50.0875 mm, 39.0000 mm): Pad 1 [FIELD_WET_V] of R21 on F.Cu
[unconnected_items]: Missing connection between items
    Local override; error
    @(50.0875 mm, 63.0000 mm): Pad 1 [FIELD_WET_V] of R25 on F.Cu
    @(50.0875 mm, 75.0000 mm): Pad 1 [FIELD_WET_V] of R27 on F.Cu
[unconnected_items]: Missing connection between items
    Local override; error
    @(50.0875 mm, 63.0000 mm): Pad 1 [FIELD_WET_V] of R25 on F.Cu
    @(50.0875 mm, 51.0000 mm): Pad 1 [FIELD_WET_V] of R23 on F.Cu
[unconnected_items]: Missing connection between items
    Local override; error
    @(50.0875 mm, 75.0000 mm): Pad 1 [FIELD_WET_V] of R27 on F.Cu
    @(50.0875 mm, 87.0000 mm): Pad 1 [FIELD_WET_V] of R29 on F.Cu
[unconnected_items]: Missing connection between items
    Local override; error
    @(50.0875 mm, 87.0000 mm): Pad 1 [FIELD_WET_V] of R29 on F.Cu
    @(50.0875 mm, 99.0000 mm): Pad 1 [FIELD_WET_V] of R31 on F.Cu
[unconnected_items]: Missing connection between items
    Local override; error
    @(50.0875 mm, 99.0000 mm): Pad 1 [FIELD_WET_V] of R31 on F.Cu
    @(50.0875 mm, 111.0000 mm): Pad 1 [FIELD_WET_V] of R33 on F.Cu
[unconnected_items]: Missing connection between items
    Local override; error
    @(50.0875 mm, 111.0000 mm): Pad 1 [FIELD_WET_V] of R33 on F.Cu
    @(50.0875 mm, 123.0000 mm): Pad 1 [FIELD_WET_V] of R35 on F.Cu
[unconnected_items]: Missing connection between items
    Local override; error
    @(50.0875 mm, 111.0000 mm): Pad 1 [FIELD_WET_V] of R33 on F.Cu
    @(20.0875 mm, 111.0000 mm): Pad 1 [FIELD_WET_V] of R17 on F.Cu
[unconnected_items]: Missing connection between items
    Local override; error
    @(50.0875 mm, 123.0000 mm): Pad 1 [FIELD_WET_V] of R35 on F.Cu
    @(50.0875 mm, 135.0000 mm): Pad 1 [FIELD_WET_V] of R37 on F.Cu
[unconnected_items]: Missing connection between items
    Local override; error
    @(50.0875 mm, 123.0000 mm): Pad 1 [FIELD_WET_V] of R35 on F.Cu
    @(79.0875 mm, 123.0000 mm): Pad 1 [FIELD_WET_V] of R61 on F.Cu
[unconnected_items]: Missing connection between items
    Local override; error
    @(50.0875 mm, 135.0000 mm): Pad 1 [FIELD_WET_V] of R37 on F.Cu
    @(50.0875 mm, 147.0000 mm): Pad 1 [FIELD_WET_V] of R39 on F.Cu
[unconnected_items]: Missing connection between items
    Local override; error
    @(50.0875 mm, 147.0000 mm): Pad 1 [FIELD_WET_V] of R39 on F.Cu
    @(50.0875 mm, 159.0000 mm): Pad 1 [FIELD_WET_V] of R41 on F.Cu
[unconnected_items]: Missing connection between items
    Local override; error
    @(50.0875 mm, 159.0000 mm): Pad 1 [FIELD_WET_V] of R41 on F.Cu
    @(50.0875 mm, 171.0000 mm): Pad 1 [FIELD_WET_V] of R43 on F.Cu
[unconnected_items]: Missing connection between items
    Local override; error
    @(50.0875 mm, 171.0000 mm): Pad 1 [FIELD_WET_V] of R43 on F.Cu
    @(88.0000 mm, 210.0000 mm): Pad 1 [FIELD_WET_V] of TP4 on F.Cu
[unconnected_items]: Missing connection between items
    Local override; error
    @(79.0875 mm, 27.0000 mm): Pad 1 [FIELD_WET_V] of R45 on F.Cu
    @(79.0875 mm, 39.0000 mm): Pad 1 [FIELD_WET_V] of R47 on F.Cu
[unconnected_items]: Missing connection between items
    Local override; error
    @(79.0875 mm, 27.0000 mm): Pad 1 [FIELD_WET_V] of R45 on F.Cu
    @(85.7000 mm, 13.0000 mm): PTH pad 6 [FIELD_WET_V] of U41
[unconnected_items]: Missing connection between items
    Local override; error
    @(79.0875 mm, 51.0000 mm): Pad 1 [FIELD_WET_V] of R49 on F.Cu
    @(79.0875 mm, 39.0000 mm): Pad 1 [FIELD_WET_V] of R47 on F.Cu
[unconnected_items]: Missing connection between items
    Local override; error
    @(79.0875 mm, 51.0000 mm): Pad 1 [FIELD_WET_V] of R49 on F.Cu
    @(79.0875 mm, 63.0000 mm): Pad 1 [FIELD_WET_V] of R51 on F.Cu
[unconnected_items]: Missing connection between items
    Local override; error
    @(79.0875 mm, 63.0000 mm): Pad 1 [FIELD_WET_V] of R51 on F.Cu
    @(79.0875 mm, 75.0000 mm): Pad 1 [FIELD_WET_V] of R53 on F.Cu
[unconnected_items]: Missing connection between items
    Local override; error
    @(79.0875 mm, 75.0000 mm): Pad 1 [FIELD_WET_V] of R53 on F.Cu
    @(79.0875 mm, 87.0000 mm): Pad 1 [FIELD_WET_V] of R55 on F.Cu
[unconnected_items]: Missing connection between items
    Local override; error
    @(79.0875 mm, 87.0000 mm): Pad 1 [FIELD_WET_V] of R55 on F.Cu
    @(79.0875 mm, 99.0000 mm): Pad 1 [FIELD_WET_V] of R57 on F.Cu
[unconnected_items]: Missing connection between items
    Local override; error
    @(79.0875 mm, 111.0000 mm): Pad 1 [FIELD_WET_V] of R59 on F.Cu
    @(79.0875 mm, 99.0000 mm): Pad 1 [FIELD_WET_V] of R57 on F.Cu
[unconnected_items]: Missing connection between items
    Local override; error
    @(79.0875 mm, 123.0000 mm): Pad 1 [FIELD_WET_V] of R61 on F.Cu
    @(79.0875 mm, 111.0000 mm): Pad 1 [FIELD_WET_V] of R59 on F.Cu
[unconnected_items]: Missing connection between items
    Local override; error
    @(79.0875 mm, 123.0000 mm): Pad 1 [FIELD_WET_V] of R61 on F.Cu
    @(79.0875 mm, 135.0000 mm): Pad 1 [FIELD_WET_V] of R63 on F.Cu
[unconnected_items]: Missing connection between items
    Local override; error
    @(79.0875 mm, 147.0000 mm): Pad 1 [FIELD_WET_V] of R65 on F.Cu
    @(79.0875 mm, 135.0000 mm): Pad 1 [FIELD_WET_V] of R63 on F.Cu
[unconnected_items]: Missing connection between items
    Local override; error
    @(51.9125 mm, 27.0000 mm): Pad 2 [FIELD_LED_GS1] of R19 on F.Cu
    @(63.0000 mm, 30.0000 mm): PTH pad 1 [FIELD_LED_GS1] of U12
[unconnected_items]: Missing connection between items
    Local override; error
    @(152.6500 mm, 111.3650 mm): Pad 22 [DRV_T] of U3 on F.Cu
    @(172.0000 mm, 73.9125 mm): Pad 1 [DRV_T] of R71 on F.Cu
[unconnected_items]: Missing connection between items
    Local override; error
    @(172.0000 mm, 73.9125 mm): Pad 1 [DRV_T] of R71 on F.Cu
    @(172.0000 mm, 67.9125 mm): Pad 1 [DRV_T] of R70 on F.Cu
[unconnected_items]: Missing connection between items
    Local override; error
    @(172.0000 mm, 66.0875 mm): Pad 2 [BASE_T] of R70 on F.Cu
    @(181.0625 mm, 68.0500 mm): Pad 1 [BASE_T] of Q2 on F.Cu
[unconnected_items]: Missing connection between items
    Local override; error
    @(172.0000 mm, 139.9125 mm): Pad 1 [DRV_M] of R79 on F.Cu
    @(152.6500 mm, 107.5550 mm): Pad 25 [DRV_M] of U3 on F.Cu
[unconnected_items]: Missing connection between items
    Local override; error
    @(172.0000 mm, 145.9125 mm): Pad 1 [DRV_M] of R80 on F.Cu
    @(172.0000 mm, 139.9125 mm): Pad 1 [DRV_M] of R79 on F.Cu
[unconnected_items]: Missing connection between items
    Local override; error
    @(21.9125 mm, 39.0000 mm): Pad 2 [FIELD_LED_SB] of R5 on F.Cu
    @(34.0000 mm, 42.0000 mm): PTH pad 1 [FIELD_LED_SB] of U5
[unconnected_items]: Missing connection between items
    Local override; error
    @(132.0000 mm, 156.0875 mm): Pad 2 [PHOTOMOS_LED_L_FIRST] of R88 on F.Cu
    @(145.0000 mm, 160.0000 mm): PTH pad 1 [PHOTOMOS_LED_L_FIRST] of U36
[unconnected_items]: Missing connection between items
    Local override; error
    @(152.6200 mm, 162.5400 mm): PTH pad 3 [OUT_L_FIRST_A] of U36
    @(242.0000 mm, 180.0000 mm): PTH pad 1 [OUT_L_FIRST_A] of J7
[unconnected_items]: Missing connection between items
    Local override; error
    @(152.6200 mm, 160.0000 mm): PTH pad 4 [OUT_L_FIRST_B] of U36
    @(242.0000 mm, 183.5000 mm): PTH pad 2 [OUT_L_FIRST_B] of J7
[unconnected_items]: Missing connection between items
    Local override; error
    @(80.9125 mm, 147.0000 mm): Pad 2 [FIELD_LED_AUX3] of R65 on F.Cu
    @(92.0000 mm, 150.0000 mm): PTH pad 1 [FIELD_LED_AUX3] of U35
[unconnected_items]: Missing connection between items
    Local override; error
    @(49.0000 mm, 10.0000 mm): PTH pad 1 [VCC_5V] of J8
    @(73.0000 mm, 13.0000 mm): PTH pad 1 [VCC_5V] of U41
[unconnected_items]: Missing connection between items
    Local override; error
    @(49.0000 mm, 10.0000 mm): PTH pad 1 [VCC_5V] of J8
    @(29.0000 mm, 24.0000 mm): Pad 1 [VCC_5V] of D17 on F.Cu
[unconnected_items]: Missing connection between items
    Local override; error
    @(73.0000 mm, 13.0000 mm): PTH pad 1 [VCC_5V] of U41
    @(115.0000 mm, 10.0000 mm): PTH pad 1 [VCC_5V] of J1
[unconnected_items]: Missing connection between items
    Local override; error
    @(135.6900 mm, 26.4100 mm): Pad 39 [VCC_5V] of A1 on F.Cu
    @(115.0000 mm, 10.0000 mm): PTH pad 1 [VCC_5V] of J1
[unconnected_items]: Missing connection between items
    Local override; error
    @(145.0000 mm, 78.9125 mm): Pad 1 [VCC_5V] of R97 on F.Cu
    @(162.0000 mm, 67.9500 mm): Pad 1 [VCC_5V] of C12 on F.Cu
[unconnected_items]: Missing connection between items
    Local override; error
    @(145.0000 mm, 78.9125 mm): Pad 1 [VCC_5V] of R97 on F.Cu
    @(58.0000 mm, 210.0000 mm): Pad 1 [VCC_5V] of TP1 on F.Cu
[unconnected_items]: Missing connection between items
    Local override; error
    @(146.0000 mm, 40.9125 mm): Pad 1 [VCC_5V] of R96 on F.Cu
    @(135.6900 mm, 26.4100 mm): Pad 39 [VCC_5V] of A1 on F.Cu
[unconnected_items]: Missing connection between items
    Local override; error
    @(153.5250 mm, 51.9050 mm): Pad 4 [VCC_5V] of U40 on F.Cu
    @(158.4750 mm, 48.0950 mm): Pad 8 [VCC_5V] of U40 on F.Cu
[unconnected_items]: Missing connection between items
    Local override; error
    @(153.5250 mm, 51.9050 mm): Pad 4 [VCC_5V] of U40 on F.Cu
    @(146.0000 mm, 40.9125 mm): Pad 1 [VCC_5V] of R96 on F.Cu
[unconnected_items]: Missing connection between items
    Local override; error
    @(162.0000 mm, 67.9500 mm): Pad 1 [VCC_5V] of C12 on F.Cu
    @(153.5250 mm, 51.9050 mm): Pad 4 [VCC_5V] of U40 on F.Cu
[unconnected_items]: Missing connection between items
    Local override; error
    @(18.0000 mm, 10.0000 mm): PTH pad 1 [VCC_5V_RAW] of J2
    @(33.0000 mm, 24.0000 mm): Pad 2 [VCC_5V_RAW] of D17 on F.Cu
[unconnected_items]: Missing connection between items
    Local override; error
    @(128.0000 mm, 210.0000 mm): Pad 1 [WDOG_KICK] of TP8 on F.Cu
    @(142.0000 mm, 47.9125 mm): Pad 1 [WDOG_KICK] of R98 on F.Cu
[unconnected_items]: Missing connection between items
    Local override; error
    @(142.0000 mm, 47.9125 mm): Pad 1 [WDOG_KICK] of R98 on F.Cu
    @(122.6200 mm, 10.0000 mm): PTH pad 7 [WDOG_KICK] of J1
[unconnected_items]: Missing connection between items
    Local override; error
    @(108.0000 mm, 217.0000 mm): Pad 1 [RP2040_OK] of TP14 on F.Cu
    @(170.0000 mm, 90.9125 mm): Pad 1 [RP2040_OK] of R105 on F.Cu
[unconnected_items]: Missing connection between items
    Local override; error
    @(116.3100 mm, 31.4900 mm): Pad 4 [RP2040_OK] of A1 on F.Cu
    @(170.0000 mm, 90.9125 mm): Pad 1 [RP2040_OK] of R105 on F.Cu
[unconnected_items]: Missing connection between items
    Local override; error
    @(130.2400 mm, 10.0000 mm): PTH pad 13 [RP2040_OK] of J1
    @(116.3100 mm, 31.4900 mm): Pad 4 [RP2040_OK] of A1 on F.Cu
[unconnected_items]: Missing connection between items
    Local override; error
    @(51.9125 mm, 135.0000 mm): Pad 2 [FIELD_LED_GS10] of R37 on F.Cu
    @(63.0000 mm, 138.0000 mm): PTH pad 1 [FIELD_LED_GS10] of U21
[unconnected_items]: Missing connection between items
    Local override; error
    @(152.6500 mm, 112.6350 mm): Pad 21 [DRV_S] of U3 on F.Cu
    @(172.0000 mm, 49.9125 mm): Pad 1 [DRV_S] of R68 on F.Cu
[unconnected_items]: Missing connection between items
    Local override; error
    @(172.0000 mm, 49.9125 mm): Pad 1 [DRV_S] of R68 on F.Cu
    @(172.0000 mm, 43.9125 mm): Pad 1 [DRV_S] of R67 on F.Cu
[unconnected_items]: Missing connection between items
    Local override; error
    @(70.6200 mm, 126.0000 mm): PTH pad 4 [SLOW_GS9] of U20
    @(76.9125 mm, 129.0000 mm): Pad 2 [SLOW_GS9] of R36 on F.Cu
[unconnected_items]: Missing connection between items
    Local override; error
    @(76.9125 mm, 129.0000 mm): Pad 2 [SLOW_GS9] of R36 on F.Cu
    @(119.3500 mm, 95.7450 mm): Pad 1 [SLOW_GS9] of U1 on F.Cu
[unconnected_items]: Missing connection between items
    Local override; error
    @(80.9125 mm, 111.0000 mm): Pad 2 [FIELD_LED_MAN_SWSR] of R59 on F.Cu
    @(92.0000 mm, 114.0000 mm): PTH pad 1 [FIELD_LED_MAN_SWSR] of U32
[unconnected_items]: Missing connection between items
    Local override; error
    @(80.9125 mm, 87.0000 mm): Pad 2 [FIELD_LED_MAN_S] of R55 on F.Cu
    @(92.0000 mm, 90.0000 mm): PTH pad 1 [FIELD_LED_MAN_S] of U30
[unconnected_items]: Missing connection between items
    Local override; error
    @(51.9125 mm, 147.0000 mm): Pad 2 [FIELD_LED_GP] of R39 on F.Cu
    @(63.0000 mm, 150.0000 mm): PTH pad 1 [FIELD_LED_GP] of U22
[unconnected_items]: Missing connection between items
    Local override; error
    @(172.0000 mm, 187.9125 mm): Pad 1 [DRV_M1] of R85 on F.Cu
    @(152.6500 mm, 105.0150 mm): Pad 27 [DRV_M1] of U3 on F.Cu
[unconnected_items]: Missing connection between items
    Local override; error
    @(172.0000 mm, 193.9125 mm): Pad 1 [DRV_M1] of R86 on F.Cu
    @(172.0000 mm, 187.9125 mm): Pad 1 [DRV_M1] of R85 on F.Cu
[unconnected_items]: Missing connection between items
    Local override; error
    @(172.0000 mm, 186.0875 mm): Pad 2 [BASE_M1] of R85 on F.Cu
    @(181.0625 mm, 188.0500 mm): Pad 1 [BASE_M1] of Q7 on F.Cu
[unconnected_items]: Missing connection between items
    Local override; error
    @(172.0000 mm, 114.0875 mm): Pad 2 [BASE_BE] of R76 on F.Cu
    @(181.0625 mm, 116.0500 mm): Pad 1 [BASE_BE] of Q4 on F.Cu
[unconnected_items]: Missing connection between items
    Local override; error
    @(182.9375 mm, 117.0000 mm): Pad 3 [COIL_LO_BE] of Q4 on F.Cu
    @(189.0500 mm, 128.0000 mm): Pad 2 [COIL_LO_BE] of D7 on F.Cu
[unconnected_items]: Missing connection between items
    Local override; error
    @(189.0500 mm, 128.0000 mm): Pad 2 [COIL_LO_BE] of D7 on F.Cu
    @(204.0000 mm, 128.0000 mm): PTH pad 2 [COIL_LO_BE] of K4
[unconnected_items]: Missing connection between items
    Local override; error
    @(216.2000 mm, 128.0000 mm): PTH pad 3 [OUT_BE_A] of K4
    @(226.0000 mm, 132.0000 mm): Pad 1 [OUT_BE_A] of D8 on F.Cu
[unconnected_items]: Missing connection between items
    Local override; error
    @(226.0000 mm, 115.9125 mm): Pad 1 [OUT_BE_A] of R78 on F.Cu
    @(216.2000 mm, 128.0000 mm): PTH pad 3 [OUT_BE_A] of K4
[unconnected_items]: Missing connection between items
    Local override; error
    @(226.0000 mm, 132.0000 mm): Pad 1 [OUT_BE_A] of D8 on F.Cu
    @(242.0000 mm, 131.0000 mm): PTH pad 7 [OUT_BE_A] of J6
[unconnected_items]: Missing connection between items
    Local override; error
    @(216.2000 mm, 116.0000 mm): PTH pad 4 [OUT_BE_B] of K4
    @(226.0000 mm, 128.0000 mm): Pad 2 [OUT_BE_B] of D8 on F.Cu
[unconnected_items]: Missing connection between items
    Local override; error
    @(226.0000 mm, 128.0000 mm): Pad 2 [OUT_BE_B] of D8 on F.Cu
    @(232.0000 mm, 121.0500 mm): Pad 2 [OUT_BE_B] of C7 on F.Cu
[unconnected_items]: Missing connection between items
    Local override; error
    @(242.0000 mm, 134.5000 mm): PTH pad 8 [OUT_BE_B] of J6
    @(232.0000 mm, 121.0500 mm): Pad 2 [OUT_BE_B] of C7 on F.Cu
[unconnected_items]: Missing connection between items
    Local override; error
    @(21.9125 mm, 27.0000 mm): Pad 2 [FIELD_LED_SA] of R3 on F.Cu
    @(34.0000 mm, 30.0000 mm): PTH pad 1 [FIELD_LED_SA] of U4
[unconnected_items]: Missing connection between items
    Local override; error
    @(9.0000 mm, 42.0000 mm): PTH pad 1 [FIELD_FAST_SA] of J3
    @(34.0000 mm, 32.5400 mm): PTH pad 2 [FIELD_FAST_SA] of U4
[unconnected_items]: Missing connection between items
    Local override; error
    @(41.6200 mm, 30.0000 mm): PTH pad 4 [FAST_SA] of U4
    @(47.9125 mm, 33.0000 mm): Pad 2 [FAST_SA] of R4 on F.Cu
[unconnected_items]: Missing connection between items
    Local override; error
    @(47.9125 mm, 33.0000 mm): Pad 2 [FAST_SA] of R4 on F.Cu
    @(116.3100 mm, 44.1900 mm): Pad 9 [FAST_SA] of A1 on F.Cu
[unconnected_items]: Missing connection between items
    Local override; error
    @(182.9375 mm, 45.0000 mm): Pad 3 [COIL_LO_S] of Q1 on F.Cu
    @(189.0500 mm, 56.0000 mm): Pad 2 [COIL_LO_S] of D1 on F.Cu
[unconnected_items]: Missing connection between items
    Local override; error
    @(189.0500 mm, 56.0000 mm): Pad 2 [COIL_LO_S] of D1 on F.Cu
    @(204.0000 mm, 56.0000 mm): PTH pad 2 [COIL_LO_S] of K1
[unconnected_items]: Missing connection between items
    Local override; error
    @(216.2000 mm, 56.0000 mm): PTH pad 3 [OUT_S_A] of K1
    @(226.0000 mm, 60.0000 mm): Pad 1 [OUT_S_A] of D2 on F.Cu
[unconnected_items]: Missing connection between items
    Local override; error
    @(226.0000 mm, 43.9125 mm): Pad 1 [OUT_S_A] of R69 on F.Cu
    @(216.2000 mm, 56.0000 mm): PTH pad 3 [OUT_S_A] of K1
[unconnected_items]: Missing connection between items
    Local override; error
    @(242.0000 mm, 110.0000 mm): PTH pad 1 [OUT_S_A] of J6
    @(226.0000 mm, 60.0000 mm): Pad 1 [OUT_S_A] of D2 on F.Cu
[unconnected_items]: Missing connection between items
    Local override; error
    @(216.2000 mm, 44.0000 mm): PTH pad 4 [OUT_S_B] of K1
    @(226.0000 mm, 56.0000 mm): Pad 2 [OUT_S_B] of D2 on F.Cu
[unconnected_items]: Missing connection between items
    Local override; error
    @(226.0000 mm, 56.0000 mm): Pad 2 [OUT_S_B] of D2 on F.Cu
    @(232.0000 mm, 49.0500 mm): Pad 2 [OUT_S_B] of C4 on F.Cu
[unconnected_items]: Missing connection between items
    Local override; error
    @(226.0000 mm, 56.0000 mm): Pad 2 [OUT_S_B] of D2 on F.Cu
    @(242.0000 mm, 113.5000 mm): PTH pad 2 [OUT_S_B] of J6
[unconnected_items]: Missing connection between items
    Local override; error
    @(226.0000 mm, 162.0875 mm): Pad 2 [SNUB_M2] of R84 on F.Cu
    @(232.0000 mm, 170.9500 mm): Pad 1 [SNUB_M2] of C9 on F.Cu
[unconnected_items]: Missing connection between items
    Local override; error
    @(216.2000 mm, 164.0000 mm): PTH pad 4 [OUT_M2_B] of K6
    @(226.0000 mm, 176.0000 mm): Pad 2 [OUT_M2_B] of D12 on F.Cu
[unconnected_items]: Missing connection between items
    Local override; error
    @(226.0000 mm, 176.0000 mm): Pad 2 [OUT_M2_B] of D12 on F.Cu
    @(232.0000 mm, 169.0500 mm): Pad 2 [OUT_M2_B] of C9 on F.Cu
[unconnected_items]: Missing connection between items
    Local override; error
    @(232.0000 mm, 169.0500 mm): Pad 2 [OUT_M2_B] of C9 on F.Cu
    @(242.0000 mm, 148.5000 mm): PTH pad 12 [OUT_M2_B] of J6
[unconnected_items]: Missing connection between items
    Local override; error
    @(105.9125 mm, 129.0000 mm): Pad 2 [SLOW_AUX1] of R62 on F.Cu
    @(99.6200 mm, 126.0000 mm): PTH pad 4 [SLOW_AUX1] of U33
[unconnected_items]: Missing connection between items
    Local override; error
    @(128.6500 mm, 140.2850 mm): Pad 26 [SLOW_AUX1] of U2 on F.Cu
    @(105.9125 mm, 129.0000 mm): Pad 2 [SLOW_AUX1] of R62 on F.Cu
[unconnected_items]: Missing connection between items
    Local override; error
    @(9.0000 mm, 38.5000 mm): PTH pad 2 [FIELD_FAST_SB] of J3
    @(34.0000 mm, 44.5400 mm): PTH pad 2 [FIELD_FAST_SB] of U5
[unconnected_items]: Missing connection between items
    Local override; error
    @(41.6200 mm, 42.0000 mm): PTH pad 4 [FAST_SB] of U5
    @(47.9125 mm, 45.0000 mm): Pad 2 [FAST_SB] of R6 on F.Cu
[unconnected_items]: Missing connection between items
    Local override; error
    @(47.9125 mm, 45.0000 mm): Pad 2 [FAST_SB] of R6 on F.Cu
    @(116.3100 mm, 46.7300 mm): Pad 10 [FAST_SB] of A1 on F.Cu
[unconnected_items]: Missing connection between items
    Local override; error
    @(9.0000 mm, 71.5000 mm): PTH pad 10 [FIELD_SLOW_GS10] of J4
    @(63.0000 mm, 140.5400 mm): PTH pad 2 [FIELD_SLOW_GS10] of U21
[unconnected_items]: Missing connection between items
    Local override; error
    @(70.6200 mm, 138.0000 mm): PTH pad 4 [SLOW_GS10] of U21
    @(76.9125 mm, 141.0000 mm): Pad 2 [SLOW_GS10] of R38 on F.Cu
[unconnected_items]: Missing connection between items
    Local override; error
    @(76.9125 mm, 141.0000 mm): Pad 2 [SLOW_GS10] of R38 on F.Cu
    @(119.3500 mm, 97.0150 mm): Pad 2 [SLOW_GS10] of U1 on F.Cu
[unconnected_items]: Missing connection between items
    Local override; error
    @(52.5000 mm, 10.0000 mm): PTH pad 2 [SAFE_TBSC_RETURN] of J8
    @(56.0000 mm, 10.0000 mm): PTH pad 3 [SAFE_TBSC_RETURN] of J8
[unconnected_items]: Missing connection between items
    Local override; error
    @(59.5000 mm, 10.0000 mm): PTH pad 4 [SAFE_STOP_RETURN] of J8
    @(148.0000 mm, 82.9125 mm): Pad 1 [SAFE_STOP_RETURN] of R102 on F.Cu
[unconnected_items]: Missing connection between items
    Local override; error
    @(148.0000 mm, 82.9125 mm): Pad 1 [SAFE_STOP_RETURN] of R102 on F.Cu
    @(118.0000 mm, 217.0000 mm): Pad 1 [SAFE_STOP_RETURN] of TP15 on F.Cu
[unconnected_items]: Missing connection between items
    Local override; error
    @(157.0625 mm, 82.9500 mm): Pad 2 [SAFE_STOP_RETURN] of Q10 on F.Cu
    @(148.0000 mm, 82.9125 mm): Pad 1 [SAFE_STOP_RETURN] of R102 on F.Cu
[unconnected_items]: Missing connection between items
    Local override; error
    @(173.0625 mm, 57.0500 mm): Pad 1 [WDOG_OK_GATE] of Q9 on F.Cu
    @(174.0000 mm, 70.9125 mm): Pad 1 [WDOG_OK_GATE] of R101 on F.Cu
[unconnected_items]: Missing connection between items
    Local override; error
    @(174.0000 mm, 46.0875 mm): Pad 2 [WDOG_OK_GATE] of R100 on F.Cu
    @(173.0625 mm, 57.0500 mm): Pad 1 [WDOG_OK_GATE] of Q9 on F.Cu
[unconnected_items]: Missing connection between items
    Local override; error
    @(172.0000 mm, 138.0875 mm): Pad 2 [BASE_M] of R79 on F.Cu
    @(181.0625 mm, 140.0500 mm): Pad 1 [BASE_M] of Q5 on F.Cu
[unconnected_items]: Missing connection between items
    Local override; error
    @(51.9125 mm, 75.0000 mm): Pad 2 [FIELD_LED_GS5] of R27 on F.Cu
    @(63.0000 mm, 78.0000 mm): PTH pad 1 [FIELD_LED_GS5] of U16
[unconnected_items]: Missing connection between items
    Local override; error
    @(70.6200 mm, 174.0000 mm): PTH pad 4 [SLOW_BS] of U24
    @(76.9125 mm, 177.0000 mm): Pad 2 [SLOW_BS] of R44 on F.Cu
[unconnected_items]: Missing connection between items
    Local override; error
    @(76.9125 mm, 177.0000 mm): Pad 2 [SLOW_BS] of R44 on F.Cu
    @(119.3500 mm, 100.8250 mm): Pad 5 [SLOW_BS] of U1 on F.Cu
[unconnected_items]: Missing connection between items
    Local override; error
    @(76.9125 mm, 69.0000 mm): Pad 2 [SLOW_GS4] of R26 on F.Cu
    @(70.6200 mm, 66.0000 mm): PTH pad 4 [SLOW_GS4] of U15
[unconnected_items]: Missing connection between items
    Local override; error
    @(128.6500 mm, 100.8250 mm): Pad 24 [SLOW_GS4] of U1 on F.Cu
    @(76.9125 mm, 69.0000 mm): Pad 2 [SLOW_GS4] of R26 on F.Cu
[unconnected_items]: Missing connection between items
    Local override; error
    @(51.9125 mm, 111.0000 mm): Pad 2 [FIELD_LED_GS8] of R33 on F.Cu
    @(63.0000 mm, 114.0000 mm): PTH pad 1 [FIELD_LED_GS8] of U19
[unconnected_items]: Missing connection between items
    Local override; error
    @(216.2000 mm, 80.0000 mm): PTH pad 3 [OUT_T_A] of K2
    @(226.0000 mm, 84.0000 mm): Pad 1 [OUT_T_A] of D4 on F.Cu
[unconnected_items]: Missing connection between items
    Local override; error
    @(226.0000 mm, 67.9125 mm): Pad 1 [OUT_T_A] of R72 on F.Cu
    @(216.2000 mm, 80.0000 mm): PTH pad 3 [OUT_T_A] of K2
[unconnected_items]: Missing connection between items
    Local override; error
    @(242.0000 mm, 117.0000 mm): PTH pad 3 [OUT_T_A] of J6
    @(226.0000 mm, 84.0000 mm): Pad 1 [OUT_T_A] of D4 on F.Cu
[unconnected_items]: Missing connection between items
    Local override; error
    @(216.2000 mm, 68.0000 mm): PTH pad 4 [OUT_T_B] of K2
    @(226.0000 mm, 80.0000 mm): Pad 2 [OUT_T_B] of D4 on F.Cu
[unconnected_items]: Missing connection between items
    Local override; error
    @(226.0000 mm, 80.0000 mm): Pad 2 [OUT_T_B] of D4 on F.Cu
    @(232.0000 mm, 73.0500 mm): Pad 2 [OUT_T_B] of C5 on F.Cu
[unconnected_items]: Missing connection between items
    Local override; error
    @(226.0000 mm, 80.0000 mm): Pad 2 [OUT_T_B] of D4 on F.Cu
    @(242.0000 mm, 120.5000 mm): PTH pad 4 [OUT_T_B] of J6
[unconnected_items]: Missing connection between items
    Local override; error
    @(216.2000 mm, 104.0000 mm): PTH pad 3 [OUT_SP_A] of K3
    @(226.0000 mm, 108.0000 mm): Pad 1 [OUT_SP_A] of D6 on F.Cu
[unconnected_items]: Missing connection between items
    Local override; error
    @(226.0000 mm, 91.9125 mm): Pad 1 [OUT_SP_A] of R75 on F.Cu
    @(216.2000 mm, 104.0000 mm): PTH pad 3 [OUT_SP_A] of K3
[unconnected_items]: Missing connection between items
    Local override; error
    @(242.0000 mm, 124.0000 mm): PTH pad 5 [OUT_SP_A] of J6
    @(226.0000 mm, 108.0000 mm): Pad 1 [OUT_SP_A] of D6 on F.Cu
[unconnected_items]: Missing connection between items
    Local override; error
    @(216.2000 mm, 92.0000 mm): PTH pad 4 [OUT_SP_B] of K3
    @(226.0000 mm, 104.0000 mm): Pad 2 [OUT_SP_B] of D6 on F.Cu
[unconnected_items]: Missing connection between items
    Local override; error
    @(226.0000 mm, 104.0000 mm): Pad 2 [OUT_SP_B] of D6 on F.Cu
    @(232.0000 mm, 97.0500 mm): Pad 2 [OUT_SP_B] of C6 on F.Cu
[unconnected_items]: Missing connection between items
    Local override; error
    @(226.0000 mm, 104.0000 mm): Pad 2 [OUT_SP_B] of D6 on F.Cu
    @(242.0000 mm, 127.5000 mm): PTH pad 6 [OUT_SP_B] of J6
[unconnected_items]: Missing connection between items
    Local override; error
    @(216.2000 mm, 152.0000 mm): PTH pad 3 [OUT_M_A] of K5
    @(226.0000 mm, 156.0000 mm): Pad 1 [OUT_M_A] of D10 on F.Cu
[unconnected_items]: Missing connection between items
    Local override; error
    @(226.0000 mm, 139.9125 mm): Pad 1 [OUT_M_A] of R81 on F.Cu
    @(216.2000 mm, 152.0000 mm): PTH pad 3 [OUT_M_A] of K5
[unconnected_items]: Missing connection between items
    Local override; error
    @(242.0000 mm, 138.0000 mm): PTH pad 9 [OUT_M_A] of J6
    @(226.0000 mm, 139.9125 mm): Pad 1 [OUT_M_A] of R81 on F.Cu
[unconnected_items]: Missing connection between items
    Local override; error
    @(216.2000 mm, 140.0000 mm): PTH pad 4 [OUT_M_B] of K5
    @(226.0000 mm, 152.0000 mm): Pad 2 [OUT_M_B] of D10 on F.Cu
[unconnected_items]: Missing connection between items
    Local override; error
    @(226.0000 mm, 152.0000 mm): Pad 2 [OUT_M_B] of D10 on F.Cu
    @(232.0000 mm, 145.0500 mm): Pad 2 [OUT_M_B] of C8 on F.Cu
[unconnected_items]: Missing connection between items
    Local override; error
    @(232.0000 mm, 145.0500 mm): Pad 2 [OUT_M_B] of C8 on F.Cu
    @(242.0000 mm, 141.5000 mm): PTH pad 10 [OUT_M_B] of J6
[unconnected_items]: Missing connection between items
    Local override; error
    @(216.2000 mm, 176.0000 mm): PTH pad 3 [OUT_M2_A] of K6
    @(226.0000 mm, 180.0000 mm): Pad 1 [OUT_M2_A] of D12 on F.Cu
[unconnected_items]: Missing connection between items
    Local override; error
    @(226.0000 mm, 163.9125 mm): Pad 1 [OUT_M2_A] of R84 on F.Cu
    @(216.2000 mm, 176.0000 mm): PTH pad 3 [OUT_M2_A] of K6
[unconnected_items]: Missing connection between items
    Local override; error
    @(242.0000 mm, 145.0000 mm): PTH pad 11 [OUT_M2_A] of J6
    @(226.0000 mm, 163.9125 mm): Pad 1 [OUT_M2_A] of R84 on F.Cu
[unconnected_items]: Missing connection between items
    Local override; error
    @(216.2000 mm, 200.0000 mm): PTH pad 3 [OUT_M1_A] of K7
    @(226.0000 mm, 204.0000 mm): Pad 1 [OUT_M1_A] of D14 on F.Cu
[unconnected_items]: Missing connection between items
    Local override; error
    @(226.0000 mm, 187.9125 mm): Pad 1 [OUT_M1_A] of R87 on F.Cu
    @(216.2000 mm, 200.0000 mm): PTH pad 3 [OUT_M1_A] of K7
[unconnected_items]: Missing connection between items
    Local override; error
    @(242.0000 mm, 152.0000 mm): PTH pad 13 [OUT_M1_A] of J6
    @(226.0000 mm, 187.9125 mm): Pad 1 [OUT_M1_A] of R87 on F.Cu
[unconnected_items]: Missing connection between items
    Local override; error
    @(216.2000 mm, 188.0000 mm): PTH pad 4 [OUT_M1_B] of K7
    @(226.0000 mm, 200.0000 mm): Pad 2 [OUT_M1_B] of D14 on F.Cu
[unconnected_items]: Missing connection between items
    Local override; error
    @(226.0000 mm, 200.0000 mm): Pad 2 [OUT_M1_B] of D14 on F.Cu
    @(232.0000 mm, 193.0500 mm): Pad 2 [OUT_M1_B] of C10 on F.Cu
[unconnected_items]: Missing connection between items
    Local override; error
    @(232.0000 mm, 193.0500 mm): Pad 2 [OUT_M1_B] of C10 on F.Cu
    @(242.0000 mm, 155.5000 mm): PTH pad 14 [OUT_M1_B] of J6
[unconnected_items]: Missing connection between items
    Local override; error
    @(70.6200 mm, 150.0000 mm): PTH pad 4 [SLOW_GP] of U22
    @(76.9125 mm, 153.0000 mm): Pad 2 [SLOW_GP] of R40 on F.Cu
[unconnected_items]: Missing connection between items
    Local override; error
    @(76.9125 mm, 153.0000 mm): Pad 2 [SLOW_GP] of R40 on F.Cu
    @(119.3500 mm, 98.2850 mm): Pad 3 [SLOW_GP] of U1 on F.Cu
[unconnected_items]: Missing connection between items
    Local override; error
    @(70.6200 mm, 162.0000 mm): PTH pad 4 [SLOW_OS] of U23
    @(76.9125 mm, 165.0000 mm): Pad 2 [SLOW_OS] of R42 on F.Cu
[unconnected_items]: Missing connection between items
    Local override; error
    @(76.9125 mm, 165.0000 mm): Pad 2 [SLOW_OS] of R42 on F.Cu
    @(119.3500 mm, 99.5550 mm): Pad 4 [SLOW_OS] of U1 on F.Cu
[unconnected_items]: Missing connection between items
    Local override; error
    @(105.9125 mm, 33.0000 mm): Pad 2 [SLOW_PBZ] of R46 on F.Cu
    @(99.6200 mm, 30.0000 mm): PTH pad 4 [SLOW_PBZ] of U25
[unconnected_items]: Missing connection between items
    Local override; error
    @(119.3500 mm, 102.0950 mm): Pad 6 [SLOW_PBZ] of U1 on F.Cu
    @(105.9125 mm, 33.0000 mm): Pad 2 [SLOW_PBZ] of R46 on F.Cu
[unconnected_items]: Missing connection between items
    Local override; error
    @(105.9125 mm, 45.0000 mm): Pad 2 [SLOW_PBC] of R48 on F.Cu
    @(99.6200 mm, 42.0000 mm): PTH pad 4 [SLOW_PBC] of U26
[unconnected_items]: Missing connection between items
    Local override; error
    @(119.3500 mm, 103.3650 mm): Pad 7 [SLOW_PBC] of U1 on F.Cu
    @(105.9125 mm, 45.0000 mm): Pad 2 [SLOW_PBC] of R48 on F.Cu
[unconnected_items]: Missing connection between items
    Local override; error
    @(105.9125 mm, 57.0000 mm): Pad 2 [SLOW_FOUL] of R50 on F.Cu
    @(99.6200 mm, 54.0000 mm): PTH pad 4 [SLOW_FOUL] of U27
[unconnected_items]: Missing connection between items
    Local override; error
    @(119.3500 mm, 104.6350 mm): Pad 8 [SLOW_FOUL] of U1 on F.Cu
    @(105.9125 mm, 57.0000 mm): Pad 2 [SLOW_FOUL] of R50 on F.Cu
[unconnected_items]: Missing connection between items
    Local override; error
    @(112.0000 mm, 85.0875 mm): Pad 2 [I2C_SCL] of R2 on F.Cu
    @(119.3500 mm, 109.7150 mm): Pad 12 [I2C_SCL] of U1 on F.Cu
[unconnected_items]: Missing connection between items
    Local override; error
    @(117.5400 mm, 7.4600 mm): PTH pad 4 [I2C_SCL] of J1
    @(112.0000 mm, 85.0875 mm): Pad 2 [I2C_SCL] of R2 on F.Cu
[unconnected_items]: Missing connection between items
    Local override; error
    @(118.0000 mm, 210.0000 mm): Pad 1 [I2C_SCL] of TP7 on F.Cu
    @(119.3500 mm, 151.7150 mm): Pad 12 [I2C_SCL] of U2 on F.Cu
[unconnected_items]: Missing connection between items
    Local override; error
    @(119.3500 mm, 151.7150 mm): Pad 12 [I2C_SCL] of U2 on F.Cu
    @(143.3500 mm, 117.7150 mm): Pad 12 [I2C_SCL] of U3 on F.Cu
[unconnected_items]: Missing connection between items
    Local override; error
    @(143.3500 mm, 117.7150 mm): Pad 12 [I2C_SCL] of U3 on F.Cu
    @(119.3500 mm, 109.7150 mm): Pad 12 [I2C_SCL] of U1 on F.Cu
[unconnected_items]: Missing connection between items
    Local override; error
    @(105.0000 mm, 85.0875 mm): Pad 2 [I2C_SDA] of R1 on F.Cu
    @(119.3500 mm, 110.9850 mm): Pad 13 [I2C_SDA] of U1 on F.Cu
[unconnected_items]: Missing connection between items
    Local override; error
    @(108.0000 mm, 210.0000 mm): Pad 1 [I2C_SDA] of TP6 on F.Cu
    @(119.3500 mm, 152.9850 mm): Pad 13 [I2C_SDA] of U2 on F.Cu
[unconnected_items]: Missing connection between items
    Local override; error
    @(117.5400 mm, 10.0000 mm): PTH pad 3 [I2C_SDA] of J1
    @(105.0000 mm, 85.0875 mm): Pad 2 [I2C_SDA] of R1 on F.Cu
[unconnected_items]: Missing connection between items
    Local override; error
    @(119.3500 mm, 152.9850 mm): Pad 13 [I2C_SDA] of U2 on F.Cu
    @(143.3500 mm, 118.9850 mm): Pad 13 [I2C_SDA] of U3 on F.Cu
[unconnected_items]: Missing connection between items
    Local override; error
    @(143.3500 mm, 118.9850 mm): Pad 13 [I2C_SDA] of U3 on F.Cu
    @(119.3500 mm, 110.9850 mm): Pad 13 [I2C_SDA] of U1 on F.Cu
[unconnected_items]: Missing connection between items
    Local override; error
    @(125.1600 mm, 10.0000 mm): PTH pad 9 [MCP_INT_A] of J1
    @(128.6500 mm, 105.9050 mm): Pad 20 [MCP_INT_A] of U1 on F.Cu
[unconnected_items]: Missing connection between items
    Local override; error
    @(76.9125 mm, 33.0000 mm): Pad 2 [SLOW_GS1] of R20 on F.Cu
    @(70.6200 mm, 30.0000 mm): PTH pad 4 [SLOW_GS1] of U12
[unconnected_items]: Missing connection between items
    Local override; error
    @(128.6500 mm, 104.6350 mm): Pad 21 [SLOW_GS1] of U1 on F.Cu
    @(76.9125 mm, 33.0000 mm): Pad 2 [SLOW_GS1] of R20 on F.Cu
[unconnected_items]: Missing connection between items
    Local override; error
    @(76.9125 mm, 45.0000 mm): Pad 2 [SLOW_GS2] of R22 on F.Cu
    @(70.6200 mm, 42.0000 mm): PTH pad 4 [SLOW_GS2] of U13
[unconnected_items]: Missing connection between items
    Local override; error
    @(128.6500 mm, 103.3650 mm): Pad 22 [SLOW_GS2] of U1 on F.Cu
    @(76.9125 mm, 45.0000 mm): Pad 2 [SLOW_GS2] of R22 on F.Cu
[unconnected_items]: Missing connection between items
    Local override; error
    @(76.9125 mm, 57.0000 mm): Pad 2 [SLOW_GS3] of R24 on F.Cu
    @(70.6200 mm, 54.0000 mm): PTH pad 4 [SLOW_GS3] of U14
[unconnected_items]: Missing connection between items
    Local override; error
    @(128.6500 mm, 102.0950 mm): Pad 23 [SLOW_GS3] of U1 on F.Cu
    @(76.9125 mm, 57.0000 mm): Pad 2 [SLOW_GS3] of R24 on F.Cu
[unconnected_items]: Missing connection between items
    Local override; error
    @(70.6200 mm, 78.0000 mm): PTH pad 4 [SLOW_GS5] of U16
    @(76.9125 mm, 81.0000 mm): Pad 2 [SLOW_GS5] of R28 on F.Cu
[unconnected_items]: Missing connection between items
    Local override; error
    @(76.9125 mm, 81.0000 mm): Pad 2 [SLOW_GS5] of R28 on F.Cu
    @(128.6500 mm, 99.5550 mm): Pad 25 [SLOW_GS5] of U1 on F.Cu
[unconnected_items]: Missing connection between items
    Local override; error
    @(70.6200 mm, 90.0000 mm): PTH pad 4 [SLOW_GS6] of U17
    @(76.9125 mm, 93.0000 mm): Pad 2 [SLOW_GS6] of R30 on F.Cu
[unconnected_items]: Missing connection between items
    Local override; error
    @(76.9125 mm, 93.0000 mm): Pad 2 [SLOW_GS6] of R30 on F.Cu
    @(128.6500 mm, 98.2850 mm): Pad 26 [SLOW_GS6] of U1 on F.Cu
[unconnected_items]: Missing connection between items
    Local override; error
    @(70.6200 mm, 102.0000 mm): PTH pad 4 [SLOW_GS7] of U18
    @(76.9125 mm, 105.0000 mm): Pad 2 [SLOW_GS7] of R32 on F.Cu
[unconnected_items]: Missing connection between items
    Local override; error
    @(76.9125 mm, 105.0000 mm): Pad 2 [SLOW_GS7] of R32 on F.Cu
    @(128.6500 mm, 97.0150 mm): Pad 27 [SLOW_GS7] of U1 on F.Cu
[unconnected_items]: Missing connection between items
    Local override; error
    @(70.6200 mm, 114.0000 mm): PTH pad 4 [SLOW_GS8] of U19
    @(76.9125 mm, 117.0000 mm): Pad 2 [SLOW_GS8] of R34 on F.Cu
[unconnected_items]: Missing connection between items
    Local override; error
    @(76.9125 mm, 117.0000 mm): Pad 2 [SLOW_GS8] of R34 on F.Cu
    @(128.6500 mm, 95.7450 mm): Pad 28 [SLOW_GS8] of U1 on F.Cu
[unconnected_items]: Missing connection between items
    Local override; error
    @(133.0000 mm, 89.0875 mm): Pad 2 [BASE_AND_ARM] of R103 on F.Cu
    @(133.0000 mm, 98.9125 mm): Pad 1 [BASE_AND_ARM] of R104 on F.Cu
[unconnected_items]: Missing connection between items
    Local override; error
    @(142.0625 mm, 91.0500 mm): Pad 1 [BASE_AND_ARM] of Q11 on F.Cu
    @(133.0000 mm, 89.0875 mm): Pad 2 [BASE_AND_ARM] of R103 on F.Cu
[unconnected_items]: Missing connection between items
    Local override; error
    @(142.0625 mm, 92.9500 mm): Pad 2 [AND_MID_ARM_RP] of Q11 on F.Cu
    @(160.9375 mm, 92.0000 mm): Pad 3 [AND_MID_ARM_RP] of Q12 on F.Cu
[unconnected_items]: Missing connection between items
    Local override; error
    @(148.0000 mm, 81.0875 mm): Pad 2 [RAIL_GATE] of R102 on F.Cu
    @(143.9375 mm, 92.0000 mm): Pad 3 [RAIL_GATE] of Q11 on F.Cu
[unconnected_items]: Missing connection between items
    Local override; error
    @(157.0625 mm, 81.0500 mm): Pad 1 [RAIL_GATE] of Q10 on F.Cu
    @(148.0000 mm, 81.0875 mm): Pad 2 [RAIL_GATE] of R102 on F.Cu
[unconnected_items]: Missing connection between items
    Local override; error
    @(51.9125 mm, 123.0000 mm): Pad 2 [FIELD_LED_GS9] of R35 on F.Cu
    @(63.0000 mm, 126.0000 mm): PTH pad 1 [FIELD_LED_GS9] of U20
[unconnected_items]: Missing connection between items
    Local override; error
    @(9.0000 mm, 75.0000 mm): PTH pad 9 [FIELD_SLOW_GS9] of J4
    @(63.0000 mm, 128.5400 mm): PTH pad 2 [FIELD_SLOW_GS9] of U20
[unconnected_items]: Missing connection between items
    Local override; error
    @(226.0000 mm, 138.0875 mm): Pad 2 [SNUB_M] of R81 on F.Cu
    @(232.0000 mm, 146.9500 mm): Pad 1 [SNUB_M] of C8 on F.Cu
[unconnected_items]: Missing connection between items
    Local override; error
    @(51.9125 mm, 51.0000 mm): Pad 2 [FIELD_LED_GS3] of R23 on F.Cu
    @(63.0000 mm, 54.0000 mm): PTH pad 1 [FIELD_LED_GS3] of U14
[unconnected_items]: Missing connection between items
    Local override; error
    @(9.0000 mm, 96.0000 mm): PTH pad 3 [FIELD_SLOW_GS3] of J4
    @(63.0000 mm, 56.5400 mm): PTH pad 2 [FIELD_SLOW_GS3] of U14
[unconnected_items]: Missing connection between items
    Local override; error
    @(21.9125 mm, 87.0000 mm): Pad 2 [FIELD_LED_TB] of R13 on F.Cu
    @(34.0000 mm, 90.0000 mm): PTH pad 1 [FIELD_LED_TB] of U9
[unconnected_items]: Missing connection between items
    Local override; error
    @(9.0000 mm, 31.5000 mm): PTH pad 4 [FIELD_FAST_TA1] of J3
    @(34.0000 mm, 68.5400 mm): PTH pad 2 [FIELD_FAST_TA1] of U7
[unconnected_items]: Missing connection between items
    Local override; error
    @(9.0000 mm, 28.0000 mm): PTH pad 5 [FIELD_FAST_TA2] of J3
    @(34.0000 mm, 80.5400 mm): PTH pad 2 [FIELD_FAST_TA2] of U8
[unconnected_items]: Missing connection between items
    Local override; error
    @(9.0000 mm, 24.5000 mm): PTH pad 6 [FIELD_FAST_TB] of J3
    @(34.0000 mm, 92.5400 mm): PTH pad 2 [FIELD_FAST_TB] of U9
[unconnected_items]: Missing connection between items
    Local override; error
    @(9.0000 mm, 21.0000 mm): PTH pad 7 [FIELD_FAST_DIELL_L] of J3
    @(34.0000 mm, 104.5400 mm): PTH pad 2 [FIELD_FAST_DIELL_L] of U10
[unconnected_items]: Missing connection between items
    Local override; error
    @(9.0000 mm, 17.5000 mm): PTH pad 8 [FIELD_FAST_DIELL_R] of J3
    @(34.0000 mm, 116.5400 mm): PTH pad 2 [FIELD_FAST_DIELL_R] of U11
[unconnected_items]: Missing connection between items
    Local override; error
    @(9.0000 mm, 10.5000 mm): PTH pad 10 [FIELD_GND] of J3
    @(9.0000 mm, 14.0000 mm): PTH pad 9 [FIELD_GND] of J3
[unconnected_items]: Missing connection between items
    Local override; error
    @(9.0000 mm, 14.0000 mm): PTH pad 9 [FIELD_GND] of J3
    @(9.0000 mm, 57.5000 mm): PTH pad 14 [FIELD_GND] of J4
[unconnected_items]: Missing connection between items
    Local override; error
    @(9.0000 mm, 57.5000 mm): PTH pad 14 [FIELD_GND] of J4
    @(9.0000 mm, 129.5000 mm): PTH pad 12 [FIELD_GND] of J5
[unconnected_items]: Missing connection between items
    Local override; error
    @(9.0000 mm, 129.5000 mm): PTH pad 12 [FIELD_GND] of J5
    @(98.0000 mm, 210.0000 mm): Pad 1 [FIELD_GND] of TP5 on F.Cu
[unconnected_items]: Missing connection between items
    Local override; error
    @(80.6200 mm, 13.0000 mm): PTH pad 4 [FIELD_GND] of U41
    @(9.0000 mm, 14.0000 mm): PTH pad 9 [FIELD_GND] of J3
[unconnected_items]: Missing connection between items
    Local override; error
    @(182.9375 mm, 93.0000 mm): Pad 3 [COIL_LO_SP] of Q3 on F.Cu
    @(189.0500 mm, 104.0000 mm): Pad 2 [COIL_LO_SP] of D5 on F.Cu
[unconnected_items]: Missing connection between items
    Local override; error
    @(189.0500 mm, 104.0000 mm): Pad 2 [COIL_LO_SP] of D5 on F.Cu
    @(204.0000 mm, 104.0000 mm): PTH pad 2 [COIL_LO_SP] of K3
[unconnected_items]: Missing connection between items
    Local override; error
    @(182.9375 mm, 141.0000 mm): Pad 3 [COIL_LO_M] of Q5 on F.Cu
    @(189.0500 mm, 152.0000 mm): Pad 2 [COIL_LO_M] of D9 on F.Cu
[unconnected_items]: Missing connection between items
    Local override; error
    @(189.0500 mm, 152.0000 mm): Pad 2 [COIL_LO_M] of D9 on F.Cu
    @(204.0000 mm, 152.0000 mm): PTH pad 2 [COIL_LO_M] of K5
[unconnected_items]: Missing connection between items
    Local override; error
    @(105.9125 mm, 69.0000 mm): Pad 2 [SLOW_TENTH] of R52 on F.Cu
    @(99.6200 mm, 66.0000 mm): PTH pad 4 [SLOW_TENTH] of U28
[unconnected_items]: Missing connection between items
    Local override; error
    @(128.6500 mm, 146.6350 mm): Pad 21 [SLOW_TENTH] of U2 on F.Cu
    @(105.9125 mm, 69.0000 mm): Pad 2 [SLOW_TENTH] of R52 on F.Cu
[unconnected_items]: Missing connection between items
    Local override; error
    @(226.0000 mm, 114.0875 mm): Pad 2 [SNUB_BE] of R78 on F.Cu
    @(232.0000 mm, 122.9500 mm): Pad 1 [SNUB_BE] of C7 on F.Cu
[unconnected_items]: Missing connection between items
    Local override; error
    @(132.0000 mm, 187.9125 mm): Pad 1 [DRV_L_STRIKE] of R92 on F.Cu
    @(132.0000 mm, 194.9125 mm): Pad 1 [DRV_L_STRIKE] of R93 on F.Cu
[unconnected_items]: Missing connection between items
    Local override; error
    @(143.3500 mm, 105.0150 mm): Pad 2 [DRV_L_STRIKE] of U3 on F.Cu
    @(132.0000 mm, 187.9125 mm): Pad 1 [DRV_L_STRIKE] of R92 on F.Cu
[unconnected_items]: Missing connection between items
    Local override; error
    @(132.0000 mm, 186.0875 mm): Pad 2 [PHOTOMOS_LED_L_STRIKE] of R92 on F.Cu
    @(145.0000 mm, 190.0000 mm): PTH pad 1 [PHOTOMOS_LED_L_STRIKE] of U38
[unconnected_items]: Missing connection between items
    Local override; error
    @(51.9125 mm, 171.0000 mm): Pad 2 [FIELD_LED_BS] of R43 on F.Cu
    @(63.0000 mm, 174.0000 mm): PTH pad 1 [FIELD_LED_BS] of U24
[unconnected_items]: Missing connection between items
    Local override; error
    @(9.0000 mm, 61.0000 mm): PTH pad 13 [FIELD_SLOW_BS] of J4
    @(63.0000 mm, 176.5400 mm): PTH pad 2 [FIELD_SLOW_BS] of U24
[unconnected_items]: Missing connection between items
    Local override; error
    @(41.6200 mm, 102.0000 mm): PTH pad 4 [FAST_DIELL_L] of U10
    @(47.9125 mm, 105.0000 mm): Pad 2 [FAST_DIELL_L] of R16 on F.Cu
[unconnected_items]: Missing connection between items
    Local override; error
    @(47.9125 mm, 105.0000 mm): Pad 2 [FAST_DIELL_L] of R16 on F.Cu
    @(116.3100 mm, 61.9700 mm): Pad 16 [FAST_DIELL_L] of A1 on F.Cu
[unconnected_items]: Missing connection between items
    Local override; error
    @(21.9125 mm, 63.0000 mm): Pad 2 [FIELD_LED_TA1] of R9 on F.Cu
    @(34.0000 mm, 66.0000 mm): PTH pad 1 [FIELD_LED_TA1] of U7
[unconnected_items]: Missing connection between items
    Local override; error
    @(132.0000 mm, 171.0875 mm): Pad 2 [PHOTOMOS_LED_L_SECOND] of R90 on F.Cu
    @(145.0000 mm, 175.0000 mm): PTH pad 1 [PHOTOMOS_LED_L_SECOND] of U37
[unconnected_items]: Missing connection between items
    Local override; error
    @(152.6200 mm, 177.5400 mm): PTH pad 3 [OUT_L_SECOND_A] of U37
    @(242.0000 mm, 187.0000 mm): PTH pad 3 [OUT_L_SECOND_A] of J7
[unconnected_items]: Missing connection between items
    Local override; error
    @(152.6200 mm, 175.0000 mm): PTH pad 4 [OUT_L_SECOND_B] of U37
    @(242.0000 mm, 190.5000 mm): PTH pad 4 [OUT_L_SECOND_B] of J7
[unconnected_items]: Missing connection between items
    Local override; error
    @(9.0000 mm, 103.0000 mm): PTH pad 1 [FIELD_SLOW_GS1] of J4
    @(63.0000 mm, 32.5400 mm): PTH pad 2 [FIELD_SLOW_GS1] of U12
[unconnected_items]: Missing connection between items
    Local override; error
    @(9.0000 mm, 99.5000 mm): PTH pad 2 [FIELD_SLOW_GS2] of J4
    @(63.0000 mm, 44.5400 mm): PTH pad 2 [FIELD_SLOW_GS2] of U13
[unconnected_items]: Missing connection between items
    Local override; error
    @(9.0000 mm, 92.5000 mm): PTH pad 4 [FIELD_SLOW_GS4] of J4
    @(63.0000 mm, 68.5400 mm): PTH pad 2 [FIELD_SLOW_GS4] of U15
[unconnected_items]: Missing connection between items
    Local override; error
    @(9.0000 mm, 89.0000 mm): PTH pad 5 [FIELD_SLOW_GS5] of J4
    @(63.0000 mm, 80.5400 mm): PTH pad 2 [FIELD_SLOW_GS5] of U16
[unconnected_items]: Missing connection between items
    Local override; error
    @(9.0000 mm, 85.5000 mm): PTH pad 6 [FIELD_SLOW_GS6] of J4
    @(63.0000 mm, 92.5400 mm): PTH pad 2 [FIELD_SLOW_GS6] of U17
[unconnected_items]: Missing connection between items
    Local override; error
    @(9.0000 mm, 82.0000 mm): PTH pad 7 [FIELD_SLOW_GS7] of J4
    @(63.0000 mm, 104.5400 mm): PTH pad 2 [FIELD_SLOW_GS7] of U18
[unconnected_items]: Missing connection between items
    Local override; error
    @(9.0000 mm, 78.5000 mm): PTH pad 8 [FIELD_SLOW_GS8] of J4
    @(63.0000 mm, 116.5400 mm): PTH pad 2 [FIELD_SLOW_GS8] of U19
[unconnected_items]: Missing connection between items
    Local override; error
    @(9.0000 mm, 68.0000 mm): PTH pad 11 [FIELD_SLOW_GP] of J4
    @(63.0000 mm, 152.5400 mm): PTH pad 2 [FIELD_SLOW_GP] of U22
[unconnected_items]: Missing connection between items
    Local override; error
    @(9.0000 mm, 64.5000 mm): PTH pad 12 [FIELD_SLOW_OS] of J4
    @(63.0000 mm, 164.5400 mm): PTH pad 2 [FIELD_SLOW_OS] of U23
[unconnected_items]: Missing connection between items
    Local override; error
    @(105.9125 mm, 93.0000 mm): Pad 2 [SLOW_MAN_S] of R56 on F.Cu
    @(99.6200 mm, 90.0000 mm): PTH pad 4 [SLOW_MAN_S] of U30
[unconnected_items]: Missing connection between items
    Local override; error
    @(128.6500 mm, 144.0950 mm): Pad 23 [SLOW_MAN_S] of U2 on F.Cu
    @(105.9125 mm, 93.0000 mm): Pad 2 [SLOW_MAN_S] of R56 on F.Cu
[unconnected_items]: Missing connection between items
    Local override; error
    @(58.0000 mm, 217.0000 mm): Pad 1 [WDOG_TIMING_NODE] of TP9 on F.Cu
    @(158.4750 mm, 50.6350 mm): Pad 6 [WDOG_TIMING_NODE] of U40 on F.Cu
[unconnected_items]: Missing connection between items
    Local override; error
    @(153.0500 mm, 35.0000 mm): Pad 2 [WDOG_TIMING_NODE] of D15 on F.Cu
    @(146.0000 mm, 39.0875 mm): Pad 2 [WDOG_TIMING_NODE] of R96 on F.Cu
[unconnected_items]: Missing connection between items
    Local override; error
    @(158.4750 mm, 50.6350 mm): Pad 6 [WDOG_TIMING_NODE] of U40 on F.Cu
    @(158.4750 mm, 49.3650 mm): Pad 7 [WDOG_TIMING_NODE] of U40 on F.Cu
[unconnected_items]: Missing connection between items
    Local override; error
    @(166.0000 mm, 38.8000 mm): Pad 1 [WDOG_TIMING_NODE] of C11 on F.Cu
    @(158.4750 mm, 49.3650 mm): Pad 7 [WDOG_TIMING_NODE] of U40 on F.Cu
[unconnected_items]: Missing connection between items
    Local override; error
    @(166.0000 mm, 38.8000 mm): Pad 1 [WDOG_TIMING_NODE] of C11 on F.Cu
    @(153.0500 mm, 35.0000 mm): Pad 2 [WDOG_TIMING_NODE] of D15 on F.Cu
[unconnected_items]: Missing connection between items
    Local override; error
    @(132.0000 mm, 172.9125 mm): Pad 1 [DRV_L_SECOND] of R90 on F.Cu
    @(132.0000 mm, 179.9125 mm): Pad 1 [DRV_L_SECOND] of R91 on F.Cu
[unconnected_items]: Missing connection between items
    Local override; error
    @(143.3500 mm, 103.7450 mm): Pad 1 [DRV_L_SECOND] of U3 on F.Cu
    @(132.0000 mm, 172.9125 mm): Pad 1 [DRV_L_SECOND] of R90 on F.Cu
[unconnected_items]: Missing connection between items
    Local override; error
    @(132.0000 mm, 202.9125 mm): Pad 1 [DRV_L_FOUL] of R94 on F.Cu
    @(132.0000 mm, 209.9125 mm): Pad 1 [DRV_L_FOUL] of R95 on F.Cu
[unconnected_items]: Missing connection between items
    Local override; error
    @(143.3500 mm, 106.2850 mm): Pad 3 [DRV_L_FOUL] of U3 on F.Cu
    @(132.0000 mm, 202.9125 mm): Pad 1 [DRV_L_FOUL] of R94 on F.Cu
[unconnected_items]: Missing connection between items
    Local override; error
    @(152.6500 mm, 110.0950 mm): Pad 23 [DRV_SP] of U3 on F.Cu
    @(172.0000 mm, 97.9125 mm): Pad 1 [DRV_SP] of R74 on F.Cu
[unconnected_items]: Missing connection between items
    Local override; error
    @(172.0000 mm, 97.9125 mm): Pad 1 [DRV_SP] of R74 on F.Cu
    @(172.0000 mm, 91.9125 mm): Pad 1 [DRV_SP] of R73 on F.Cu
[unconnected_items]: Missing connection between items
    Local override; error
    @(172.0000 mm, 115.9125 mm): Pad 1 [DRV_BE] of R76 on F.Cu
    @(152.6500 mm, 108.8250 mm): Pad 24 [DRV_BE] of U3 on F.Cu
[unconnected_items]: Missing connection between items
    Local override; error
    @(172.0000 mm, 121.9125 mm): Pad 1 [DRV_BE] of R77 on F.Cu
    @(172.0000 mm, 115.9125 mm): Pad 1 [DRV_BE] of R76 on F.Cu
[unconnected_items]: Missing connection between items
    Local override; error
    @(132.0000 mm, 157.9125 mm): Pad 1 [DRV_L_FIRST] of R88 on F.Cu
    @(132.0000 mm, 164.9125 mm): Pad 1 [DRV_L_FIRST] of R89 on F.Cu
[unconnected_items]: Missing connection between items
    Local override; error
    @(152.6500 mm, 103.7450 mm): Pad 28 [DRV_L_FIRST] of U3 on F.Cu
    @(132.0000 mm, 157.9125 mm): Pad 1 [DRV_L_FIRST] of R88 on F.Cu
[unconnected_items]: Missing connection between items
    Local override; error
    @(226.0000 mm, 90.0875 mm): Pad 2 [SNUB_SP] of R75 on F.Cu
    @(232.0000 mm, 98.9500 mm): Pad 1 [SNUB_SP] of C6 on F.Cu
[unconnected_items]: Missing connection between items
    Local override; error
    @(9.0000 mm, 150.5000 mm): PTH pad 6 [FIELD_SLOW_MAN_S] of J5
    @(92.0000 mm, 92.5400 mm): PTH pad 2 [FIELD_SLOW_MAN_S] of U30
[unconnected_items]: Missing connection between items
    Local override; error
    @(170.0000 mm, 89.0875 mm): Pad 2 [BASE_AND_RP_OK] of R105 on F.Cu
    @(159.0625 mm, 91.0500 mm): Pad 1 [BASE_AND_RP_OK] of Q12 on F.Cu
[unconnected_items]: Missing connection between items
    Local override; error
    @(170.0000 mm, 98.9125 mm): Pad 1 [BASE_AND_RP_OK] of R106 on F.Cu
    @(170.0000 mm, 89.0875 mm): Pad 2 [BASE_AND_RP_OK] of R105 on F.Cu
[unconnected_items]: Missing connection between items
    Local override; error
    @(105.9125 mm, 105.0000 mm): Pad 2 [SLOW_MAN_SWS] of R58 on F.Cu
    @(99.6200 mm, 102.0000 mm): PTH pad 4 [SLOW_MAN_SWS] of U31
[unconnected_items]: Missing connection between items
    Local override; error
    @(128.6500 mm, 142.8250 mm): Pad 24 [SLOW_MAN_SWS] of U2 on F.Cu
    @(105.9125 mm, 105.0000 mm): Pad 2 [SLOW_MAN_SWS] of R58 on F.Cu
[unconnected_items]: Missing connection between items
    Local override; error
    @(41.6200 mm, 66.0000 mm): PTH pad 4 [FAST_TA1] of U7
    @(47.9125 mm, 69.0000 mm): Pad 2 [FAST_TA1] of R10 on F.Cu
[unconnected_items]: Missing connection between items
    Local override; error
    @(47.9125 mm, 69.0000 mm): Pad 2 [FAST_TA1] of R10 on F.Cu
    @(116.3100 mm, 51.8100 mm): Pad 12 [FAST_TA1] of A1 on F.Cu
[unconnected_items]: Missing connection between items
    Local override; error
    @(80.9125 mm, 135.0000 mm): Pad 2 [FIELD_LED_AUX2] of R63 on F.Cu
    @(92.0000 mm, 138.0000 mm): PTH pad 1 [FIELD_LED_AUX2] of U34
[unconnected_items]: Missing connection between items
    Local override; error
    @(9.0000 mm, 136.5000 mm): PTH pad 10 [FIELD_SLOW_AUX2] of J5
    @(92.0000 mm, 140.5400 mm): PTH pad 2 [FIELD_SLOW_AUX2] of U34
[unconnected_items]: Missing connection between items
    Local override; error
    @(99.6200 mm, 138.0000 mm): PTH pad 4 [SLOW_AUX2] of U34
    @(105.9125 mm, 141.0000 mm): Pad 2 [SLOW_AUX2] of R64 on F.Cu
[unconnected_items]: Missing connection between items
    Local override; error
    @(105.9125 mm, 141.0000 mm): Pad 2 [SLOW_AUX2] of R64 on F.Cu
    @(128.6500 mm, 139.0150 mm): Pad 27 [SLOW_AUX2] of U2 on F.Cu
[unconnected_items]: Missing connection between items
    Local override; error
    @(153.5250 mm, 50.6350 mm): Pad 3 [NE555_OUT] of U40 on F.Cu
    @(78.0000 mm, 217.0000 mm): Pad 1 [NE555_OUT] of TP11 on F.Cu
[unconnected_items]: Missing connection between items
    Local override; error
    @(174.0000 mm, 47.9125 mm): Pad 1 [NE555_OUT] of R100 on F.Cu
    @(153.5250 mm, 50.6350 mm): Pad 3 [NE555_OUT] of U40 on F.Cu
[unconnected_items]: Missing connection between items
    Local override; error
    @(226.0000 mm, 186.0875 mm): Pad 2 [SNUB_M1] of R87 on F.Cu
    @(232.0000 mm, 194.9500 mm): Pad 1 [SNUB_M1] of C10 on F.Cu
[unconnected_items]: Missing connection between items
    Local override; error
    @(51.9125 mm, 87.0000 mm): Pad 2 [FIELD_LED_GS6] of R29 on F.Cu
    @(63.0000 mm, 90.0000 mm): PTH pad 1 [FIELD_LED_GS6] of U17
[unconnected_items]: Missing connection between items
    Local override; error
    @(80.9125 mm, 51.0000 mm): Pad 2 [FIELD_LED_FOUL] of R49 on F.Cu
    @(92.0000 mm, 54.0000 mm): PTH pad 1 [FIELD_LED_FOUL] of U27
[unconnected_items]: Missing connection between items
    Local override; error
    @(9.0000 mm, 161.0000 mm): PTH pad 3 [FIELD_SLOW_FOUL] of J5
    @(92.0000 mm, 56.5400 mm): PTH pad 2 [FIELD_SLOW_FOUL] of U27
[unconnected_items]: Missing connection between items
    Local override; error
    @(132.0000 mm, 201.0875 mm): Pad 2 [PHOTOMOS_LED_L_FOUL] of R94 on F.Cu
    @(145.0000 mm, 205.0000 mm): PTH pad 1 [PHOTOMOS_LED_L_FOUL] of U39
[unconnected_items]: Missing connection between items
    Local override; error
    @(152.6200 mm, 207.5400 mm): PTH pad 3 [OUT_L_FOUL_A] of U39
    @(242.0000 mm, 201.0000 mm): PTH pad 7 [OUT_L_FOUL_A] of J7
[unconnected_items]: Missing connection between items
    Local override; error
    @(152.6200 mm, 205.0000 mm): PTH pad 4 [OUT_L_FOUL_B] of U39
    @(242.0000 mm, 204.5000 mm): PTH pad 8 [OUT_L_FOUL_B] of J7
[unconnected_items]: Missing connection between items
    Local override; error
    @(226.0000 mm, 66.0875 mm): Pad 2 [SNUB_T] of R72 on F.Cu
    @(232.0000 mm, 74.9500 mm): Pad 1 [SNUB_T] of C5 on F.Cu
[unconnected_items]: Missing connection between items
    Local override; error
    @(51.9125 mm, 39.0000 mm): Pad 2 [FIELD_LED_GS2] of R21 on F.Cu
    @(63.0000 mm, 42.0000 mm): PTH pad 1 [FIELD_LED_GS2] of U13
[unconnected_items]: Missing connection between items
    Local override; error
    @(80.9125 mm, 75.0000 mm): Pad 2 [FIELD_LED_MAN_T] of R53 on F.Cu
    @(92.0000 mm, 78.0000 mm): PTH pad 1 [FIELD_LED_MAN_T] of U29
[unconnected_items]: Missing connection between items
    Local override; error
    @(9.0000 mm, 154.0000 mm): PTH pad 5 [FIELD_SLOW_MAN_T] of J5
    @(92.0000 mm, 80.5400 mm): PTH pad 2 [FIELD_SLOW_MAN_T] of U29
[unconnected_items]: Missing connection between items
    Local override; error
    @(105.9125 mm, 81.0000 mm): Pad 2 [SLOW_MAN_T] of R54 on F.Cu
    @(99.6200 mm, 78.0000 mm): PTH pad 4 [SLOW_MAN_T] of U29
[unconnected_items]: Missing connection between items
    Local override; error
    @(128.6500 mm, 145.3650 mm): Pad 22 [SLOW_MAN_T] of U2 on F.Cu
    @(105.9125 mm, 81.0000 mm): Pad 2 [SLOW_MAN_T] of R54 on F.Cu
[unconnected_items]: Missing connection between items
    Local override; error
    @(182.9375 mm, 165.0000 mm): Pad 3 [COIL_LO_M2] of Q6 on F.Cu
    @(189.0500 mm, 176.0000 mm): Pad 2 [COIL_LO_M2] of D11 on F.Cu
[unconnected_items]: Missing connection between items
    Local override; error
    @(189.0500 mm, 176.0000 mm): Pad 2 [COIL_LO_M2] of D11 on F.Cu
    @(204.0000 mm, 176.0000 mm): PTH pad 2 [COIL_LO_M2] of K6
[unconnected_items]: Missing connection between items
    Local override; error
    @(226.0000 mm, 42.0875 mm): Pad 2 [SNUB_S] of R69 on F.Cu
    @(232.0000 mm, 50.9500 mm): Pad 1 [SNUB_S] of C4 on F.Cu
[unconnected_items]: Missing connection between items
    Local override; error
    @(80.9125 mm, 27.0000 mm): Pad 2 [FIELD_LED_PBZ] of R45 on F.Cu
    @(92.0000 mm, 30.0000 mm): PTH pad 1 [FIELD_LED_PBZ] of U25
[unconnected_items]: Missing connection between items
    Local override; error
    @(9.0000 mm, 168.0000 mm): PTH pad 1 [FIELD_SLOW_PBZ] of J5
    @(92.0000 mm, 32.5400 mm): PTH pad 2 [FIELD_SLOW_PBZ] of U25
[unconnected_items]: Missing connection between items
    Local override; error
    @(116.3100 mm, 23.8700 mm): Pad 1 [PI_UART_RX] of A1 on F.Cu
    @(120.0800 mm, 7.4600 mm): PTH pad 6 [PI_UART_RX] of J1
[unconnected_items]: Missing connection between items
    Local override; error
    @(116.3100 mm, 26.4100 mm): Pad 2 [PI_UART_TX] of A1 on F.Cu
    @(120.0800 mm, 10.0000 mm): PTH pad 5 [PI_UART_TX] of J1
[unconnected_items]: Missing connection between items
    Local override; error
    @(41.6200 mm, 90.0000 mm): PTH pad 4 [FAST_TB] of U9
    @(47.9125 mm, 93.0000 mm): Pad 2 [FAST_TB] of R14 on F.Cu
[unconnected_items]: Missing connection between items
    Local override; error
    @(47.9125 mm, 93.0000 mm): Pad 2 [FAST_TB] of R14 on F.Cu
    @(116.3100 mm, 59.4300 mm): Pad 15 [FAST_TB] of A1 on F.Cu
[unconnected_items]: Missing connection between items
    Local override; error
    @(41.6200 mm, 114.0000 mm): PTH pad 4 [FAST_DIELL_R] of U11
    @(47.9125 mm, 117.0000 mm): Pad 2 [FAST_DIELL_R] of R18 on F.Cu
[unconnected_items]: Missing connection between items
    Local override; error
    @(47.9125 mm, 117.0000 mm): Pad 2 [FAST_DIELL_R] of R18 on F.Cu
    @(116.3100 mm, 64.5100 mm): Pad 17 [FAST_DIELL_R] of A1 on F.Cu
[unconnected_items]: Missing connection between items
    Local override; error
    @(51.9125 mm, 63.0000 mm): Pad 2 [FIELD_LED_GS4] of R25 on F.Cu
    @(63.0000 mm, 66.0000 mm): PTH pad 1 [FIELD_LED_GS4] of U15
[unconnected_items]: Missing connection between items
    Local override; error
    @(51.9125 mm, 99.0000 mm): Pad 2 [FIELD_LED_GS7] of R31 on F.Cu
    @(63.0000 mm, 102.0000 mm): PTH pad 1 [FIELD_LED_GS7] of U18
[unconnected_items]: Missing connection between items
    Local override; error
    @(9.0000 mm, 143.5000 mm): PTH pad 8 [FIELD_SLOW_MAN_SWSR] of J5
    @(92.0000 mm, 116.5400 mm): PTH pad 2 [FIELD_SLOW_MAN_SWSR] of U32
[unconnected_items]: Missing connection between items
    Local override; error
    @(105.9125 mm, 117.0000 mm): Pad 2 [SLOW_MAN_SWSR] of R60 on F.Cu
    @(99.6200 mm, 114.0000 mm): PTH pad 4 [SLOW_MAN_SWSR] of U32
[unconnected_items]: Missing connection between items
    Local override; error
    @(128.6500 mm, 141.5550 mm): Pad 25 [SLOW_MAN_SWSR] of U2 on F.Cu
    @(105.9125 mm, 117.0000 mm): Pad 2 [SLOW_MAN_SWSR] of R60 on F.Cu
[unconnected_items]: Missing connection between items
    Local override; error
    @(172.0000 mm, 42.0875 mm): Pad 2 [BASE_S] of R67 on F.Cu
    @(181.0625 mm, 44.0500 mm): Pad 1 [BASE_S] of Q1 on F.Cu
[unconnected_items]: Missing connection between items
    Local override; error
    @(182.9375 mm, 69.0000 mm): Pad 3 [COIL_LO_T] of Q2 on F.Cu
    @(189.0500 mm, 80.0000 mm): Pad 2 [COIL_LO_T] of D3 on F.Cu
[unconnected_items]: Missing connection between items
    Local override; error
    @(189.0500 mm, 80.0000 mm): Pad 2 [COIL_LO_T] of D3 on F.Cu
    @(204.0000 mm, 80.0000 mm): PTH pad 2 [COIL_LO_T] of K2
[unconnected_items]: Missing connection between items
    Local override; error
    @(99.6200 mm, 150.0000 mm): PTH pad 4 [SLOW_AUX3] of U35
    @(105.9125 mm, 153.0000 mm): Pad 2 [SLOW_AUX3] of R66 on F.Cu
[unconnected_items]: Missing connection between items
    Local override; error
    @(105.9125 mm, 153.0000 mm): Pad 2 [SLOW_AUX3] of R66 on F.Cu
    @(128.6500 mm, 137.7450 mm): Pad 28 [SLOW_AUX3] of U2 on F.Cu
[unconnected_items]: Missing connection between items
    Local override; error
    @(80.9125 mm, 99.0000 mm): Pad 2 [FIELD_LED_MAN_SWS] of R57 on F.Cu
    @(92.0000 mm, 102.0000 mm): PTH pad 1 [FIELD_LED_MAN_SWS] of U31
[unconnected_items]: Missing connection between items
    Local override; error
    @(80.9125 mm, 63.0000 mm): Pad 2 [FIELD_LED_TENTH] of R51 on F.Cu
    @(92.0000 mm, 66.0000 mm): PTH pad 1 [FIELD_LED_TENTH] of U28
[unconnected_items]: Missing connection between items
    Local override; error
    @(98.0000 mm, 217.0000 mm): Pad 1 [ARM_PERMIT] of TP13 on F.Cu
    @(133.0000 mm, 90.9125 mm): Pad 1 [ARM_PERMIT] of R103 on F.Cu
[unconnected_items]: Missing connection between items
    Local override; error
    @(133.0000 mm, 90.9125 mm): Pad 1 [ARM_PERMIT] of R103 on F.Cu
    @(122.6200 mm, 7.4600 mm): PTH pad 8 [ARM_PERMIT] of J1
[unconnected_items]: Missing connection between items
    Local override; error
    @(125.1600 mm, 7.4600 mm): PTH pad 10 [MCP_INT_B] of J1
    @(128.6500 mm, 147.9050 mm): Pad 20 [MCP_INT_B] of U2 on F.Cu
[unconnected_items]: Missing connection between items
    Local override; error
    @(9.0000 mm, 164.5000 mm): PTH pad 2 [FIELD_SLOW_PBC] of J5
    @(92.0000 mm, 44.5400 mm): PTH pad 2 [FIELD_SLOW_PBC] of U26
[unconnected_items]: Missing connection between items
    Local override; error
    @(9.0000 mm, 157.5000 mm): PTH pad 4 [FIELD_SLOW_TENTH] of J5
    @(92.0000 mm, 68.5400 mm): PTH pad 2 [FIELD_SLOW_TENTH] of U28
[unconnected_items]: Missing connection between items
    Local override; error
    @(9.0000 mm, 147.0000 mm): PTH pad 7 [FIELD_SLOW_MAN_SWS] of J5
    @(92.0000 mm, 104.5400 mm): PTH pad 2 [FIELD_SLOW_MAN_SWS] of U31
[unconnected_items]: Missing connection between items
    Local override; error
    @(9.0000 mm, 140.0000 mm): PTH pad 9 [FIELD_SLOW_AUX1] of J5
    @(92.0000 mm, 128.5400 mm): PTH pad 2 [FIELD_SLOW_AUX1] of U33
[unconnected_items]: Missing connection between items
    Local override; error
    @(9.0000 mm, 133.0000 mm): PTH pad 11 [FIELD_SLOW_AUX3] of J5
    @(92.0000 mm, 152.5400 mm): PTH pad 2 [FIELD_SLOW_AUX3] of U35
[unconnected_items]: Missing connection between items
    Local override; error
    @(80.9125 mm, 39.0000 mm): Pad 2 [FIELD_LED_PBC] of R47 on F.Cu
    @(92.0000 mm, 42.0000 mm): PTH pad 1 [FIELD_LED_PBC] of U26
[unconnected_items]: Missing connection between items
    Local override; error
    @(21.9125 mm, 99.0000 mm): Pad 2 [FIELD_LED_DIELL_L] of R15 on F.Cu
    @(34.0000 mm, 102.0000 mm): PTH pad 1 [FIELD_LED_DIELL_L] of U10
[unconnected_items]: Missing connection between items
    Local override; error
    @(182.9375 mm, 189.0000 mm): Pad 3 [COIL_LO_M1] of Q7 on F.Cu
    @(189.0500 mm, 200.0000 mm): Pad 2 [COIL_LO_M1] of D13 on F.Cu
[unconnected_items]: Missing connection between items
    Local override; error
    @(189.0500 mm, 200.0000 mm): Pad 2 [COIL_LO_M1] of D13 on F.Cu
    @(204.0000 mm, 200.0000 mm): PTH pad 2 [COIL_LO_M1] of K7
[unconnected_items]: Missing connection between items
    Local override; error
    @(51.9125 mm, 159.0000 mm): Pad 2 [FIELD_LED_OS] of R41 on F.Cu
    @(63.0000 mm, 162.0000 mm): PTH pad 1 [FIELD_LED_OS] of U23
[unconnected_items]: Missing connection between items
    Local override; error
    @(80.9125 mm, 123.0000 mm): Pad 2 [FIELD_LED_AUX1] of R61 on F.Cu
    @(92.0000 mm, 126.0000 mm): PTH pad 1 [FIELD_LED_AUX1] of U33
[unconnected_items]: Missing connection between items
    Local override; error
    @(158.4750 mm, 51.9050 mm): Pad 5 [NE555_CTRL] of U40 on F.Cu
    @(178.0000 mm, 42.9500 mm): Pad 1 [NE555_CTRL] of C13 on F.Cu
[unconnected_items]: Missing connection between items
    Local override; error
    @(21.9125 mm, 75.0000 mm): Pad 2 [FIELD_LED_TA2] of R11 on F.Cu
    @(34.0000 mm, 78.0000 mm): PTH pad 1 [FIELD_LED_TA2] of U8
[unconnected_items]: Missing connection between items
    Local override; error
    @(21.9125 mm, 111.0000 mm): Pad 2 [FIELD_LED_DIELL_R] of R17 on F.Cu
    @(34.0000 mm, 114.0000 mm): PTH pad 1 [FIELD_LED_DIELL_R] of U11
[unconnected_items]: Missing connection between items
    Local override; error
    @(172.0000 mm, 90.0875 mm): Pad 2 [BASE_SP] of R73 on F.Cu
    @(181.0625 mm, 92.0500 mm): Pad 1 [BASE_SP] of Q3 on F.Cu
[unconnected_items]: Missing connection between items
    Local override; error
    @(152.6200 mm, 192.5400 mm): PTH pad 3 [OUT_L_STRIKE_A] of U38
    @(242.0000 mm, 194.0000 mm): PTH pad 5 [OUT_L_STRIKE_A] of J7
[unconnected_items]: Missing connection between items
    Local override; error
    @(152.6200 mm, 190.0000 mm): PTH pad 4 [OUT_L_STRIKE_B] of U38
    @(242.0000 mm, 197.5000 mm): PTH pad 6 [OUT_L_STRIKE_B] of J7

** Found 0 Footprint errors **

** Ignored checks **
    - Footprint has no courtyard defined
    - Track endpoint not centered on via
    - Tuning profile track geometries
    - Footprint doesn't match symbol's footprint filters
    - Footprint component type doesn't match footprint pads

** End of Report **
